timestamp,node_id,bs_idx,sf,bw,freq,rssi,snr,toa,energy_j,status,role
1262.23,40,0,7,500,867700000,-113.81,9.22,14.14,0.000355,RECEIVED,CH
3698.88,74,0,7,500,868500000,-111.6,11.43,14.14,0.000355,RECEIVED,CM
4659.0,10,0,7,500,867100000,-116.27,6.77,14.14,0.000355,RECEIVED,CM
5158.95,14,0,7,500,867900000,-114.89,8.14,14.14,0.000355,RECEIVED,CM
6061.19,30,0,7,500,867500000,-105.55,17.48,14.14,0.000355,RECEIVED,CM
7100.75,80,0,7,500,867500000,-95.38,27.65,14.14,0.000355,RECEIVED,CM
8893.02,73,0,7,250,868300000,-119.33,3.7,28.29,0.000711,RECEIVED,CM
9011.68,9,0,7,250,867500000,-122.55,0.48,28.29,0.000711,RECEIVED,CM
9911.17,61,0,7,500,868100000,-129.18,-6.15,14.14,0.000355,LOST,CM
9958.0,31,0,7,500,868300000,-106.8,16.23,14.14,0.000355,RECEIVED,CM
18533.28,38,0,7,500,868100000,-102.12,20.91,14.14,0.000355,RECEIVED,CM
19025.18,44,0,7,500,868300000,-107.82,15.22,14.14,0.000355,RECEIVED,CM
19283.0,49,0,7,500,868100000,-112.36,10.67,14.14,0.000355,RECEIVED,CM
20442.91,96,0,7,500,867900000,-105.7,17.33,14.14,0.000355,RECEIVED,CM
28943.22,0,0,7,250,867700000,-115.11,7.92,28.29,0.000711,RECEIVED,CH
29618.42,38,0,7,500,867900000,-97.99,25.04,14.14,0.000355,RECEIVED,CM
44613.69,26,0,7,500,868100000,-124.76,-1.73,14.14,0.000355,LOST,CH
49269.53,90,0,7,250,867100000,-117.7,5.33,28.29,0.000711,RECEIVED,CM
51843.9,47,0,7,500,868300000,-118.0,5.03,14.14,0.000355,RECEIVED,CM
55101.12,39,0,7,500,867100000,-113.55,9.48,14.14,0.000355,RECEIVED,CM
56720.1,8,0,7,500,867500000,-105.2,17.83,14.14,0.000355,RECEIVED,CM
60167.13,47,0,7,500,867500000,-113.73,9.3,14.14,0.000355,RECEIVED,CM
65244.07,6,0,7,500,867300000,-110.48,12.55,14.14,0.000355,RECEIVED,CM
72000.83,38,0,7,500,868100000,-95.9,27.13,14.14,0.000355,RECEIVED,CM
78435.08,23,0,7,500,868500000,-123.7,-0.67,14.14,0.000355,LOST,CM
81643.0,22,0,7,500,867900000,-109.7,13.33,14.14,0.000355,RECEIVED,CM
88108.61,73,0,7,500,867500000,-121.67,1.36,14.14,0.000355,LOST,CM
93577.35,41,0,7,500,867900000,-86.35,36.68,14.14,0.000355,RECEIVED,CM
108445.63,69,0,7,500,867100000,-89.32,33.71,14.14,0.000355,RECEIVED,CM
109064.22,76,0,7,500,868100000,-108.84,14.19,14.14,0.000355,RECEIVED,CM
109861.66,12,0,7,500,867100000,-120.36,2.67,14.14,0.000355,RECEIVED,CM
111342.76,28,0,7,250,867700000,-114.23,8.8,28.29,0.000711,RECEIVED,CM
116941.9,16,0,7,500,868500000,-75.79,47.24,14.14,0.000355,RECEIVED,CM
117633.27,85,0,7,500,867100000,-89.18,33.85,14.14,0.000355,RECEIVED,CM
117640.22,18,0,7,500,868300000,-122.4,0.63,14.14,0.000355,LOST,CM
120855.05,80,0,7,500,868500000,-102.24,20.79,14.14,0.000355,RECEIVED,CM
123845.3,35,0,7,500,867900000,-115.88,7.15,14.14,0.000355,RECEIVED,CM
132654.16,56,0,7,500,867500000,-114.35,8.69,14.14,0.000355,RECEIVED,CM
139304.9,52,0,7,500,868500000,-107.75,15.28,14.14,0.000355,RECEIVED,CM
144174.73,8,0,7,500,868100000,-113.2,9.83,14.14,0.000355,RECEIVED,CM
145384.65,51,0,7,500,867900000,-106.09,16.94,14.14,0.000355,RECEIVED,CM
147368.89,4,0,7,500,868500000,-103.73,19.3,14.14,0.000355,RECEIVED,CM
162510.15,27,0,7,500,867500000,-102.24,20.79,14.14,0.000355,RECEIVED,CM
164642.37,8,0,7,500,868100000,-118.13,4.9,14.14,0.000355,RECEIVED,CM
172493.5,57,0,7,500,868100000,-99.13,23.91,14.14,0.000355,RECEIVED,CM
176268.94,17,0,7,500,867500000,-104.42,18.61,14.14,0.000355,RECEIVED,CM
177029.14,16,0,7,500,868100000,-100.99,22.04,14.14,0.000355,RECEIVED,CM
181017.66,87,0,7,500,867500000,-132.96,-9.93,14.14,0.000355,LOST,CM
185425.25,79,0,7,500,868300000,-90.39,32.64,14.14,0.000355,RECEIVED,CM
188137.21,25,0,7,500,867900000,-101.77,21.26,14.14,0.000355,RECEIVED,CM
190390.82,64,0,7,500,867500000,-129.16,-6.13,14.14,0.000355,LOST,CM
193740.16,93,0,9,125,867300000,-112.37,10.66,185.34,0.004656,RECEIVED,CM
194697.52,89,0,7,500,867700000,-111.31,11.72,14.14,0.000355,RECEIVED,CM
199594.91,11,0,7,500,867900000,-103.27,19.76,14.14,0.000355,RECEIVED,CM
205125.91,34,0,7,500,868300000,-110.51,12.52,14.14,0.000355,RECEIVED,CM
206428.72,30,0,7,500,867500000,-100.16,22.87,14.14,0.000355,RECEIVED,CM
207321.98,74,0,7,250,867500000,-124.32,-1.29,28.29,0.000711,LOST,CM
207689.72,92,0,7,500,868100000,-95.75,27.28,14.14,0.000355,RECEIVED,CM
209960.8,54,0,7,500,867300000,-100.36,22.68,14.14,0.000355,RECEIVED,CM
212748.63,42,0,7,500,868100000,-100.54,22.49,14.14,0.000355,RECEIVED,CM
213175.77,76,0,7,500,868100000,-119.1,3.93,14.14,0.000355,RECEIVED,CM
216254.74,76,0,7,500,867300000,-107.5,15.53,14.14,0.000355,RECEIVED,CM
217377.83,66,0,7,500,867900000,-115.17,7.86,14.14,0.000355,RECEIVED,CM
228787.6,34,0,7,125,868500000,-101.86,21.17,56.58,0.001421,RECEIVED,CM
230460.51,3,0,7,500,868300000,-99.79,23.24,14.14,0.000355,RECEIVED,CM
232110.76,43,0,7,500,867100000,-114.28,8.75,14.14,0.000355,RECEIVED,CM
235267.86,42,0,7,500,867100000,-103.61,19.42,14.14,0.000355,RECEIVED,CM
236874.76,63,0,7,500,867900000,-119.41,3.62,14.14,0.000355,RECEIVED,CM
238477.63,48,0,7,500,867700000,-104.89,18.14,14.14,0.000355,RECEIVED,CM
238783.69,3,0,7,500,867100000,-97.53,25.5,14.14,0.000355,RECEIVED,CM
239465.91,81,0,7,500,867500000,-111.73,11.3,14.14,0.000355,RECEIVED,CM
248315.59,74,0,7,500,868300000,-108.19,14.84,14.14,0.000355,RECEIVED,CM
252908.07,72,0,7,500,867100000,-104.99,18.04,14.14,0.000355,RECEIVED,CM
253176.5,9,0,7,500,867500000,-113.78,9.26,14.14,0.000355,RECEIVED,CM
253502.75,91,0,7,500,867300000,-101.11,21.92,14.14,0.000355,RECEIVED,CM
256579.02,87,0,7,500,867900000,-106.83,16.21,14.14,0.000355,RECEIVED,CM
261181.19,55,0,7,500,868500000,-118.0,5.03,14.14,0.000355,RECEIVED,CM
262072.71,41,0,7,500,867300000,-106.46,16.57,14.14,0.000355,RECEIVED,CM
262123.52,13,0,7,500,867100000,-111.81,11.22,14.14,0.000355,RECEIVED,CM
262280.26,61,0,7,500,867700000,-121.87,1.16,14.14,0.000355,LOST,CM
266266.14,53,0,7,500,867500000,-115.12,7.91,14.14,0.000355,RECEIVED,CM
267716.85,3,0,7,500,868300000,-91.72,31.31,14.14,0.000355,RECEIVED,CM
267950.71,84,0,7,500,868300000,-136.98,-13.95,14.14,0.000355,LOST,CM
269155.5,71,0,7,500,868500000,-110.86,12.17,14.14,0.000355,RECEIVED,CM
278218.25,15,0,7,500,867300000,-130.84,-7.81,14.14,0.000355,LOST,CM
280731.94,55,0,7,125,867300000,-121.78,1.25,56.58,0.001421,RECEIVED,CM
282778.88,3,0,7,500,867500000,-101.07,21.96,14.14,0.000355,RECEIVED,CM
285915.25,40,0,7,500,868300000,-123.79,-0.75,14.14,0.000355,LOST,CH
286538.67,84,0,8,125,867500000,-124.7,-1.67,102.91,0.002585,RECEIVED,CM
287520.51,68,0,7,500,868300000,-99.42,23.61,14.14,0.000355,RECEIVED,CM
294895.83,69,0,7,250,867100000,-113.86,9.17,28.29,0.000711,RECEIVED,CM
295742.5,60,0,7,500,867500000,-116.39,6.64,14.14,0.000355,RECEIVED,CM
296648.25,73,0,7,500,868300000,-119.12,3.91,14.14,0.000355,RECEIVED,CM
297910.96,89,0,7,500,868300000,-114.47,8.56,14.14,0.000355,RECEIVED,CM
304013.24,75,0,7,500,868500000,-122.54,0.49,14.14,0.000355,LOST,CH
311430.25,38,0,7,500,867100000,-96.83,26.2,14.14,0.000355,RECEIVED,CM
313550.05,0,0,7,500,868100000,-114.88,8.15,14.14,0.000355,RECEIVED,CH
316749.53,66,0,7,500,868300000,-110.14,12.9,14.14,0.000355,RECEIVED,CM
318309.01,60,0,7,125,867700000,-123.22,-0.19,56.58,0.001421,RECEIVED,CM
320624.31,6,0,7,500,867900000,-96.08,26.95,14.14,0.000355,RECEIVED,CM
323216.73,34,0,7,500,867500000,-104.55,18.48,14.14,0.000355,RECEIVED,CM
326542.05,4,0,7,500,868300000,-102.35,20.68,14.14,0.000355,RECEIVED,CM
328188.38,78,0,7,500,867100000,-104.36,18.67,14.14,0.000355,RECEIVED,CM
330234.4,89,0,7,500,868300000,-106.76,16.27,14.14,0.000355,RECEIVED,CM
331053.25,70,0,7,500,868500000,-98.21,24.82,14.14,0.000355,RECEIVED,CM
333636.32,11,0,7,500,867700000,-106.1,16.93,14.14,0.000355,RECEIVED,CM
333735.08,0,0,12,125,867700000,-125.37,-2.34,1318.91,0.03313,RECEIVED,CH
334906.17,33,0,9,125,867100000,-126.04,-3.01,185.34,0.004656,RECEIVED,CM
336030.93,81,0,7,500,868500000,-114.57,8.46,14.14,0.000355,RECEIVED,CM
337200.47,22,0,7,500,868300000,-96.1,26.93,14.14,0.000355,RECEIVED,CM
337509.92,80,0,7,500,867500000,-110.9,12.13,14.14,0.000355,RECEIVED,CM
340543.91,35,0,7,500,867300000,-131.39,-8.36,14.14,0.000355,LOST,CM
341841.35,54,0,7,500,867100000,-99.83,23.2,14.14,0.000355,RECEIVED,CM
342712.81,41,0,7,500,868500000,-105.37,17.66,14.14,0.000355,RECEIVED,CM
348951.04,62,0,7,500,868100000,-120.19,2.84,14.14,0.000355,RECEIVED,CM
350527.06,53,0,7,500,867500000,-81.76,41.27,14.14,0.000355,RECEIVED,CM
354305.09,55,0,7,500,867300000,-100.44,22.59,14.14,0.000355,RECEIVED,CM
355842.09,89,0,7,500,868100000,-92.3,30.73,14.14,0.000355,RECEIVED,CM
356412.54,39,0,7,500,868100000,-110.21,12.82,14.14,0.000355,RECEIVED,CM
357647.59,21,0,7,500,867700000,-114.14,8.89,14.14,0.000355,RECEIVED,CM
359008.57,54,0,7,500,868500000,-103.28,19.75,14.14,0.000355,RECEIVED,CM
366984.32,92,0,7,500,868300000,-88.75,34.28,14.14,0.000355,RECEIVED,CM
369289.42,37,0,7,500,867500000,-117.21,5.82,14.14,0.000355,RECEIVED,CM
374776.88,3,0,7,500,868300000,-87.56,35.47,14.14,0.000355,RECEIVED,CM
380691.89,22,0,7,500,867300000,-110.24,12.79,14.14,0.000355,RECEIVED,CM
394371.89,2,0,7,500,868300000,-104.03,19.0,14.14,0.000355,RECEIVED,CM
406836.12,16,0,7,500,867100000,-105.96,17.07,14.14,0.000355,RECEIVED,CM
407767.85,38,0,7,500,868500000,-94.49,28.54,14.14,0.000355,RECEIVED,CM
410261.93,57,0,7,500,868500000,-99.93,23.1,14.14,0.000355,RECEIVED,CM
410992.09,60,0,7,500,867900000,-117.68,5.35,14.14,0.000355,RECEIVED,CM
411897.01,70,0,7,500,867700000,-112.84,10.19,14.14,0.000355,RECEIVED,CM
412632.51,23,0,7,500,867700000,-127.07,-4.04,14.14,0.000355,LOST,CM
414856.48,31,0,7,500,867700000,-110.19,12.84,14.14,0.000355,RECEIVED,CM
422841.41,61,0,7,500,868100000,-129.26,-6.23,14.14,0.000355,LOST,CM
423442.02,67,0,7,500,867700000,-102.33,20.71,14.14,0.000355,RECEIVED,CM
428303.53,42,0,7,500,868500000,-102.59,20.44,14.14,0.000355,RECEIVED,CM
428722.02,25,0,7,500,867500000,-100.25,22.78,14.14,0.000355,RECEIVED,CM
436431.1,64,0,7,500,867900000,-123.53,-0.5,14.14,0.000355,LOST,CM
439303.86,40,0,7,500,867500000,-121.9,1.13,14.14,0.000355,LOST,CH
453107.36,18,0,7,500,867500000,-114.25,8.78,14.14,0.000355,RECEIVED,CM
453553.15,83,0,7,500,867100000,-114.03,9.0,14.14,0.000355,RECEIVED,CM
453739.75,44,0,7,500,868300000,-95.35,27.68,14.14,0.000355,RECEIVED,CM
455156.91,58,0,7,500,867100000,-114.9,8.13,14.14,0.000355,RECEIVED,CM
457771.38,5,0,7,500,868500000,-114.56,8.47,14.14,0.000355,RECEIVED,CM
458928.45,77,0,7,500,867900000,-127.38,-4.35,14.14,0.000355,LOST,CM
463402.3,45,0,7,500,868300000,-97.53,25.51,14.14,0.000355,RECEIVED,CM
465636.49,1,0,7,250,868100000,-106.43,16.6,28.29,0.000711,RECEIVED,CM
466626.28,0,0,7,500,868500000,-119.69,3.34,14.14,0.000355,RECEIVED,CH
474062.63,64,0,7,250,867100000,-115.59,7.44,28.29,0.000711,RECEIVED,CM
477968.12,10,0,7,500,867300000,-103.02,20.01,14.14,0.000355,RECEIVED,CM
484539.34,0,0,11,125,867100000,-128.13,-5.1,741.38,0.018623,RECEIVED,CH
493985.61,83,0,7,500,867700000,-109.13,13.9,14.14,0.000355,RECEIVED,CM
495294.94,84,0,7,500,867100000,-130.4,-7.37,14.14,0.000355,LOST,CM
497438.95,69,0,7,500,868100000,-127.55,-4.52,14.14,0.000355,LOST,CM
499344.64,1,0,7,500,868500000,-122.22,0.81,14.14,0.000355,LOST,CM
509128.18,59,0,7,500,868500000,-93.73,29.3,14.14,0.000355,RECEIVED,CM
513630.74,80,0,7,500,868300000,-98.07,24.96,14.14,0.000355,RECEIVED,CM
514528.08,62,0,7,500,867500000,-105.16,17.87,14.14,0.000355,RECEIVED,CM
518044.0,94,0,7,500,867500000,-100.57,22.46,14.14,0.000355,RECEIVED,CM
521620.85,54,0,7,500,867700000,-86.55,36.48,14.14,0.000355,RECEIVED,CM
524373.69,60,0,7,500,867500000,-119.39,3.64,14.14,0.000355,RECEIVED,CM
532475.16,66,0,7,500,867300000,-115.1,7.93,14.14,0.000355,RECEIVED,CM
543911.31,59,0,7,500,867100000,-77.6,45.44,14.14,0.000355,RECEIVED,CM
546354.68,65,0,7,500,867300000,-94.46,28.57,14.14,0.000355,RECEIVED,CM
551486.74,77,0,9,250,868500000,-116.17,6.86,92.67,0.002328,RECEIVED,CM
557590.16,76,0,7,500,867700000,-119.81,3.22,14.14,0.000355,RECEIVED,CM
567702.49,97,0,7,500,868300000,-117.68,5.35,14.14,0.000355,RECEIVED,CH
576247.28,40,0,7,500,868300000,-88.47,34.56,14.14,0.000355,RECEIVED,CH
578962.11,64,0,7,500,867300000,-108.25,14.78,14.14,0.000355,RECEIVED,CM
579822.15,84,0,7,500,868300000,-118.94,4.09,14.14,0.000355,RECEIVED,CM
583507.2,42,0,7,500,867900000,-108.09,14.94,14.14,0.000355,RECEIVED,CM
589475.89,61,0,7,500,867500000,-132.59,-9.56,14.14,0.000355,LOST,CM
591269.95,34,0,7,500,867300000,-111.63,11.4,14.14,0.000355,RECEIVED,CM
593684.35,34,0,7,500,867700000,-116.58,6.45,14.14,0.000355,RECEIVED,CM
594797.05,1,0,7,250,868500000,-116.67,6.36,28.29,0.000711,RECEIVED,CM
598282.17,74,0,7,500,867500000,-121.76,1.27,14.14,0.000355,LOST,CM
601597.26,60,0,7,500,867900000,-122.46,0.57,14.14,0.000355,LOST,CM
602060.86,88,0,7,500,867900000,-110.38,12.65,14.14,0.000355,RECEIVED,CM
602079.39,22,0,7,500,867100000,-111.8,11.23,14.14,0.000355,RECEIVED,CM
619224.4,49,0,7,500,867300000,-100.1,22.93,14.14,0.000355,RECEIVED,CM
621611.07,98,0,7,500,867300000,-105.69,17.34,14.14,0.000355,RECEIVED,CM
624018.86,89,0,7,250,868100000,-105.44,17.59,28.29,0.000711,RECEIVED,CM
624544.63,72,0,7,500,867900000,-104.81,18.22,14.14,0.000355,RECEIVED,CM
627649.06,85,0,7,500,868500000,-120.11,2.92,14.14,0.000355,RECEIVED,CM
627723.8,42,0,7,500,867500000,-87.09,35.94,14.14,0.000355,RECEIVED,CM
631405.59,34,0,7,500,868500000,-123.06,-0.03,14.14,0.000355,LOST,CM
634648.23,8,0,7,500,868500000,-100.27,22.76,14.14,0.000355,RECEIVED,CM
634720.03,92,0,7,500,868500000,-93.36,29.67,14.14,0.000355,RECEIVED,CM
635549.07,84,0,7,500,867900000,-114.81,8.22,14.14,0.000355,RECEIVED,CM
635567.71,97,0,7,500,867900000,-128.62,-5.59,14.14,0.000355,LOST,CH
638101.86,35,0,7,500,867500000,-108.68,14.35,14.14,0.000355,RECEIVED,CM
642202.16,65,0,7,500,867100000,-106.95,16.08,14.14,0.000355,RECEIVED,CM
646003.98,29,0,7,500,867500000,-113.62,9.41,14.14,0.000355,RECEIVED,CM
646813.4,48,0,7,500,868500000,-111.76,11.27,14.14,0.000355,RECEIVED,CM
650606.02,91,0,7,500,867700000,-116.0,7.03,14.14,0.000355,RECEIVED,CM
652349.17,77,0,7,250,867700000,-123.41,-0.38,28.29,0.000711,RECEIVED,CM
662137.14,90,0,7,500,867300000,-117.67,5.36,14.14,0.000355,RECEIVED,CM
666429.15,39,0,7,500,867300000,-113.98,9.05,14.14,0.000355,RECEIVED,CM
669442.73,3,0,7,500,868100000,-85.42,37.61,14.14,0.000355,RECEIVED,CM
673243.15,88,0,7,500,867300000,-85.48,37.55,14.14,0.000355,RECEIVED,CM
674323.73,39,0,7,500,867900000,-114.71,8.32,14.14,0.000355,RECEIVED,CM
677158.39,65,0,7,500,867100000,-98.39,24.64,14.14,0.000355,RECEIVED,CM
677438.47,19,0,7,500,867100000,-114.63,8.4,14.14,0.000355,RECEIVED,CM
678824.02,24,0,7,500,867700000,-82.64,40.39,14.14,0.000355,RECEIVED,CM
683347.33,87,0,7,500,868100000,-116.76,6.27,14.14,0.000355,RECEIVED,CM
683371.01,77,0,7,500,867300000,-120.34,2.69,14.14,0.000355,RECEIVED,CM
687572.19,24,0,7,500,867900000,-99.69,23.34,14.14,0.000355,RECEIVED,CM
689345.04,7,0,7,125,867300000,-101.44,21.59,56.58,0.001421,RECEIVED,CM
690528.13,91,0,7,500,867300000,-108.08,14.95,14.14,0.000355,RECEIVED,CM
693328.16,10,0,7,500,868300000,-121.54,1.49,14.14,0.000355,LOST,CM
693578.77,90,0,7,500,867700000,-117.57,5.46,14.14,0.000355,RECEIVED,CM
696775.12,32,0,7,500,868100000,-115.75,7.28,14.14,0.000355,RECEIVED,CM
696836.48,20,0,7,500,868500000,-119.27,3.76,14.14,0.000355,RECEIVED,CM
698940.26,96,0,7,500,868500000,-103.43,19.6,14.14,0.000355,RECEIVED,CM
700150.66,82,0,7,500,867900000,-91.1,31.93,14.14,0.000355,RECEIVED,CM
702866.03,58,0,7,500,867500000,-107.8,15.23,14.14,0.000355,RECEIVED,CM
707213.16,90,0,7,500,867100000,-108.82,14.21,14.14,0.000355,RECEIVED,CM
707507.58,57,0,7,500,868500000,-124.15,-1.12,14.14,0.000355,LOST,CM
708428.68,39,0,7,500,867700000,-97.04,26.0,14.14,0.000355,RECEIVED,CM
714239.5,40,0,7,500,868300000,-110.21,12.82,14.14,0.000355,RECEIVED,CH
721121.82,29,0,7,500,868300000,-122.51,0.53,14.14,0.000355,LOST,CM
723098.07,62,0,7,500,868100000,-97.5,25.53,14.14,0.000355,RECEIVED,CM
727696.36,15,0,7,500,867300000,-118.65,4.38,14.14,0.000355,RECEIVED,CM
728152.38,61,0,7,500,868300000,-113.94,9.09,14.14,0.000355,RECEIVED,CM
730118.09,49,0,7,500,867900000,-109.51,13.52,14.14,0.000355,RECEIVED,CM
731366.07,11,0,7,500,868500000,-95.97,27.06,14.14,0.000355,RECEIVED,CM
735083.51,34,0,7,500,867100000,-118.48,4.55,14.14,0.000355,RECEIVED,CM
736070.1,52,0,7,500,867500000,-112.8,10.23,14.14,0.000355,RECEIVED,CM
739414.69,58,0,7,500,868300000,-102.9,20.13,14.14,0.000355,RECEIVED,CM
739892.47,36,0,7,500,868300000,-115.0,8.03,14.14,0.000355,RECEIVED,CM
740030.34,87,0,7,250,868100000,-118.78,4.25,28.29,0.000711,RECEIVED,CM
753067.74,97,0,7,250,868100000,-127.7,-4.66,28.29,0.000711,LOST,CH
755973.44,55,0,7,500,867700000,-110.56,12.47,14.14,0.000355,RECEIVED,CM
756237.86,30,0,7,500,867500000,-127.56,-4.53,14.14,0.000355,LOST,CM
759830.07,15,0,7,500,868300000,-113.22,9.82,14.14,0.000355,RECEIVED,CM
765761.08,7,0,7,500,868300000,-114.34,8.69,14.14,0.000355,RECEIVED,CM
772534.36,58,0,7,500,867300000,-106.46,16.57,14.14,0.000355,RECEIVED,CM
774437.36,34,0,7,250,868100000,-110.97,12.06,28.29,0.000711,RECEIVED,CM
780490.52,6,0,7,500,867900000,-113.24,9.79,14.14,0.000355,RECEIVED,CM
782635.95,38,0,7,500,868500000,-94.41,28.62,14.14,0.000355,RECEIVED,CM
785274.33,77,0,7,250,868300000,-111.72,11.31,28.29,0.000711,RECEIVED,CM
791580.92,60,0,12,125,867900000,-128.5,-5.47,1318.91,0.03313,RECEIVED,CM
805055.08,63,0,7,500,868300000,-122.92,0.11,14.14,0.000355,LOST,CM
805104.95,67,0,7,500,867900000,-113.97,9.06,14.14,0.000355,RECEIVED,CM
809750.79,72,0,7,500,868500000,-104.79,18.25,14.14,0.000355,RECEIVED,CM
812199.61,44,0,7,500,867300000,-133.07,-10.04,14.14,0.000355,LOST,CM
819008.33,3,0,7,500,868300000,-90.94,32.09,14.14,0.000355,RECEIVED,CM
821666.98,61,0,10,125,867700000,-122.66,0.37,370.69,0.009311,RECEIVED,CM
825899.37,20,0,7,500,868300000,-117.43,5.6,14.14,0.000355,RECEIVED,CM
828322.15,13,0,7,500,868500000,-104.56,18.47,14.14,0.000355,RECEIVED,CM
829506.17,39,0,7,500,867100000,-109.81,13.22,14.14,0.000355,RECEIVED,CM
830551.55,22,0,7,500,867100000,-101.74,21.29,14.14,0.000355,RECEIVED,CM
833596.36,89,0,7,500,867900000,-113.77,9.26,14.14,0.000355,RECEIVED,CM
835369.66,5,0,7,500,867700000,-121.58,1.45,14.14,0.000355,LOST,CM
838421.66,12,0,7,500,867500000,-97.81,25.22,14.14,0.000355,RECEIVED,CM
841920.02,23,0,7,500,868500000,-118.57,4.46,14.14,0.000355,RECEIVED,CM
849478.83,75,0,7,500,867300000,-126.2,-3.17,14.14,0.000355,LOST,CH
852670.6,80,0,7,500,867700000,-110.18,12.85,14.14,0.000355,RECEIVED,CM
853416.5,4,0,7,500,867700000,-110.29,12.74,14.14,0.000355,RECEIVED,CM
857462.84,47,0,7,500,867300000,-100.05,22.98,14.14,0.000355,RECEIVED,CM
869299.08,33,0,7,250,867100000,-120.0,3.03,28.29,0.000711,RECEIVED,CM
873763.91,72,0,7,500,867900000,-111.91,11.12,14.14,0.000355,RECEIVED,CM
874423.3,71,0,7,500,868300000,-109.18,13.85,14.14,0.000355,RECEIVED,CM
876171.07,82,0,7,500,867700000,-89.94,33.09,14.14,0.000355,RECEIVED,CM
877613.88,80,0,7,500,868100000,-123.23,-0.2,14.14,0.000355,LOST,CM
884658.49,47,0,7,500,867300000,-108.86,14.17,14.14,0.000355,RECEIVED,CM
889340.55,33,0,7,500,868100000,-131.64,-8.61,14.14,0.000355,LOST,CM
889593.94,66,0,7,500,867300000,-100.72,22.31,14.14,0.000355,RECEIVED,CM
890058.11,68,0,7,500,868500000,-97.8,25.23,14.14,0.000355,RECEIVED,CM
891049.25,70,0,7,500,868300000,-109.41,13.62,14.14,0.000355,RECEIVED,CM
891886.84,18,0,7,500,867900000,-111.26,11.77,14.14,0.000355,RECEIVED,CM
893372.35,49,0,7,500,867300000,-114.29,8.74,14.14,0.000355,RECEIVED,CM
899558.79,40,0,7,500,867900000,-99.57,23.46,14.14,0.000355,RECEIVED,CH
901866.87,76,0,7,500,868100000,-127.47,-4.44,14.14,0.000355,LOST,CM
909570.64,5,0,7,500,867900000,-117.92,5.11,14.14,0.000355,RECEIVED,CM
911670.05,90,0,7,500,867300000,-117.14,5.89,14.14,0.000355,RECEIVED,CM
916941.93,36,0,7,500,868300000,-103.8,19.23,14.14,0.000355,RECEIVED,CM
918105.75,34,0,7,500,867900000,-124.11,-1.08,14.14,0.000355,LOST,CM
918703.67,69,0,7,500,867900000,-114.04,8.99,14.14,0.000355,RECEIVED,CM
921877.59,78,0,7,500,867100000,-114.11,8.92,14.14,0.000355,RECEIVED,CM
927628.96,16,0,7,500,867300000,-111.87,11.16,14.14,0.000355,RECEIVED,CM
931842.5,73,0,7,500,868300000,-107.76,15.27,14.14,0.000355,RECEIVED,CM
932858.01,58,0,7,500,867700000,-113.05,9.98,14.14,0.000355,RECEIVED,CM
933486.1,37,0,7,500,867900000,-111.02,12.01,14.14,0.000355,RECEIVED,CM
934471.35,50,0,7,500,867900000,-109.07,13.96,14.14,0.000355,RECEIVED,CM
938262.97,67,0,7,500,867300000,-110.72,12.31,14.14,0.000355,RECEIVED,CM
942888.21,74,0,7,500,867700000,-131.97,-8.94,14.14,0.000355,LOST,CM
949726.06,32,0,7,500,867500000,-102.71,20.32,14.14,0.000355,RECEIVED,CM
950933.99,22,0,7,500,867300000,-107.89,15.14,14.14,0.000355,RECEIVED,CM
954855.88,71,0,7,500,867900000,-104.6,18.43,14.14,0.000355,RECEIVED,CM
955871.05,91,0,7,500,868100000,-105.4,17.63,14.14,0.000355,RECEIVED,CM
959519.03,36,0,7,500,868500000,-124.11,-1.08,14.14,0.000355,LOST,CM
960227.07,48,0,7,500,867100000,-113.91,9.12,14.14,0.000355,RECEIVED,CM
964483.74,94,0,7,500,867100000,-117.09,5.94,14.14,0.000355,RECEIVED,CM
964832.85,85,0,7,500,867900000,-82.62,40.41,14.14,0.000355,RECEIVED,CM
967545.6,4,0,7,500,867500000,-101.74,21.29,14.14,0.000355,RECEIVED,CM
971024.86,67,0,7,500,868100000,-114.79,8.24,14.14,0.000355,RECEIVED,CM
972634.49,58,0,7,500,867300000,-101.54,21.49,14.14,0.000355,RECEIVED,CM
979960.12,81,0,7,500,867300000,-105.79,17.24,14.14,0.000355,RECEIVED,CM
980516.41,39,0,7,500,867500000,-106.62,16.41,14.14,0.000355,RECEIVED,CM
984368.01,44,0,7,500,867300000,-115.81,7.23,14.14,0.000355,RECEIVED,CM
984798.44,92,0,7,500,867100000,-89.56,33.47,14.14,0.000355,RECEIVED,CM
984907.34,46,0,7,500,867700000,-109.1,13.93,14.14,0.000355,RECEIVED,CM
986613.85,40,0,7,500,868300000,-116.68,6.35,14.14,0.000355,RECEIVED,CH
986898.54,80,0,7,500,867700000,-90.46,32.57,14.14,0.000355,RECEIVED,CM
987706.58,55,0,7,500,867500000,-106.52,16.51,14.14,0.000355,RECEIVED,CM
989423.02,82,0,7,500,867500000,-104.61,18.42,14.14,0.000355,RECEIVED,CM
992487.13,90,0,7,500,867100000,-113.65,9.38,14.14,0.000355,RECEIVED,CM
995831.53,62,0,7,500,867100000,-104.1,18.93,14.14,0.000355,RECEIVED,CM
1006045.98,23,0,7,500,867900000,-110.77,12.26,14.14,0.000355,RECEIVED,CM
1007156.61,52,0,7,500,867700000,-103.87,19.16,14.14,0.000355,RECEIVED,CM
1013349.34,5,0,7,500,867100000,-102.89,20.14,14.14,0.000355,RECEIVED,CM
1013605.26,57,0,7,500,867500000,-109.64,13.39,14.14,0.000355,RECEIVED,CM
1016851.47,96,0,7,500,867300000,-89.32,33.71,14.14,0.000355,RECEIVED,CM
1020367.92,34,0,7,125,867900000,-118.97,4.06,56.58,0.001421,RECEIVED,CM
1020866.08,64,0,9,125,867100000,-125.42,-2.39,185.34,0.004656,RECEIVED,CM
1025525.29,15,0,7,500,868100000,-117.04,6.0,14.14,0.000355,RECEIVED,CM
1026310.66,51,0,7,500,867100000,-104.34,18.69,14.14,0.000355,RECEIVED,CM
1026851.94,58,0,7,500,868500000,-86.48,36.55,14.14,0.000355,RECEIVED,CM
1030059.38,55,0,7,500,868300000,-120.75,2.28,14.14,0.000355,LOST,CM
1031075.13,65,0,7,500,867100000,-98.64,24.4,14.14,0.000355,RECEIVED,CM
1034983.42,79,0,7,500,868500000,-115.13,7.9,14.14,0.000355,RECEIVED,CM
1035069.08,3,0,7,500,867500000,-102.48,20.55,14.14,0.000355,RECEIVED,CM
1038969.13,41,0,7,500,867900000,-108.34,14.69,14.14,0.000355,RECEIVED,CM
1040400.48,64,0,7,125,867300000,-111.91,11.12,56.58,0.001421,RECEIVED,CM
1040817.05,67,0,7,500,867700000,-111.3,11.73,14.14,0.000355,RECEIVED,CM
1040883.71,2,0,7,500,867300000,-111.85,11.18,14.14,0.000355,RECEIVED,CM
1042460.77,74,0,7,500,867500000,-127.09,-4.06,14.14,0.000355,LOST,CM
1043533.39,52,0,7,500,867900000,-119.15,3.88,14.14,0.000355,RECEIVED,CM
1048868.57,7,0,7,500,868500000,-108.99,14.05,14.14,0.000355,RECEIVED,CM
1049248.42,38,0,7,500,867100000,-100.4,22.63,14.14,0.000355,RECEIVED,CM
1052732.09,93,0,7,500,868300000,-135.35,-12.32,14.14,0.000355,LOST,CM
1057170.17,37,0,7,500,867300000,-112.58,10.45,14.14,0.000355,RECEIVED,CM
1058526.25,9,0,7,500,867100000,-120.64,2.4,14.14,0.000355,RECEIVED,CM
1063407.88,85,0,7,500,867100000,-90.25,32.78,14.14,0.000355,RECEIVED,CM
1064798.33,10,0,7,500,867100000,-108.03,15.0,14.14,0.000355,RECEIVED,CM
1065883.5,0,0,7,250,868100000,-117.37,5.66,28.29,0.000711,RECEIVED,CH
1069749.17,78,0,7,500,868100000,-117.21,5.82,14.14,0.000355,RECEIVED,CM
1073019.87,81,0,7,500,867300000,-111.91,11.13,14.14,0.000355,RECEIVED,CM
1075707.06,5,0,7,500,868100000,-109.66,13.37,14.14,0.000355,RECEIVED,CM
1082181.93,66,0,7,500,868300000,-106.19,16.84,14.14,0.000355,RECEIVED,CM
1085442.04,91,0,7,500,867900000,-107.4,15.63,14.14,0.000355,RECEIVED,CM
1085643.36,56,0,7,500,868500000,-96.81,26.22,14.14,0.000355,RECEIVED,CM
1087388.55,65,0,7,500,867700000,-107.64,15.39,14.14,0.000355,RECEIVED,CM
1094680.56,4,0,7,500,868100000,-103.91,19.12,14.14,0.000355,RECEIVED,CM
1095814.18,54,0,7,500,867900000,-104.88,18.15,14.14,0.000355,RECEIVED,CM
1097020.31,41,0,7,500,867500000,-120.75,2.28,14.14,0.000355,RECEIVED,CM
1098315.09,62,0,7,500,868100000,-90.59,32.44,14.14,0.000355,RECEIVED,CM
1103366.09,59,0,7,500,867300000,-89.97,33.06,14.14,0.000355,RECEIVED,CM
1104950.55,99,0,7,500,868100000,-121.8,1.23,14.14,0.000355,LOST,CM
1106863.79,81,0,7,500,867700000,-122.16,0.87,14.14,0.000355,LOST,CM
1107615.95,28,0,7,500,867900000,-115.12,7.91,14.14,0.000355,RECEIVED,CM
1114101.86,89,0,7,500,867100000,-102.92,20.11,14.14,0.000355,RECEIVED,CM
1118022.94,64,0,11,125,867700000,-129.57,-6.54,741.38,0.018623,RECEIVED,CM
1120662.8,1,0,7,500,868100000,-127.35,-4.32,14.14,0.000355,LOST,CM
1123425.43,39,0,7,500,867900000,-118.92,4.11,14.14,0.000355,RECEIVED,CM
1124726.34,43,0,7,500,867500000,-125.58,-2.55,14.14,0.000355,LOST,CM
1128382.15,53,0,7,500,867100000,-99.04,23.99,14.14,0.000355,RECEIVED,CM
1129834.69,41,0,7,500,868300000,-105.49,17.54,14.14,0.000355,RECEIVED,CM
1135205.02,11,0,7,500,867100000,-111.82,11.21,14.14,0.000355,RECEIVED,CM
1135311.78,46,0,7,500,868500000,-109.26,13.77,14.14,0.000355,RECEIVED,CM
1145915.83,77,0,12,125,867900000,-129.97,-6.94,1318.91,0.03313,RECEIVED,CM
1148156.33,65,0,7,500,867300000,-119.33,3.7,14.14,0.000355,RECEIVED,CM
1149939.14,53,0,7,500,867700000,-101.12,21.91,14.14,0.000355,RECEIVED,CM
1160027.87,55,0,7,500,867300000,-108.0,15.03,14.14,0.000355,RECEIVED,CM
1163440.14,36,0,7,500,867700000,-112.54,10.5,14.14,0.000355,RECEIVED,CM
1165032.22,79,0,7,500,867500000,-128.84,-5.81,14.14,0.000355,LOST,CM
1168002.04,65,0,7,250,867500000,-98.52,24.51,28.29,0.000711,RECEIVED,CM
1175559.57,6,0,7,500,868300000,-87.6,35.43,14.14,0.000355,RECEIVED,CM
1182116.52,17,0,7,500,867100000,-97.67,25.36,14.14,0.000355,RECEIVED,CM
1184140.51,44,0,7,250,867500000,-109.82,13.21,28.29,0.000711,RECEIVED,CM
1184603.22,50,0,7,500,867700000,-118.69,4.35,14.14,0.000355,RECEIVED,CM
1185747.91,90,0,7,500,868500000,-111.49,11.54,14.14,0.000355,RECEIVED,CM
1189788.08,87,0,7,500,868100000,-127.19,-4.16,14.14,0.000355,LOST,CM
1191783.81,57,0,7,500,868500000,-102.16,20.87,14.14,0.000355,RECEIVED,CM
1194639.94,85,0,7,500,867500000,-93.83,29.2,14.14,0.000355,RECEIVED,CM
1196167.65,16,0,7,500,868500000,-106.43,16.61,14.14,0.000355,RECEIVED,CM
1197774.51,68,0,7,500,867300000,-93.15,29.89,14.14,0.000355,RECEIVED,CM
1198397.37,76,0,7,500,867100000,-123.53,-0.5,14.14,0.000355,LOST,CM
1204692.72,14,0,7,500,867700000,-111.25,11.78,14.14,0.000355,RECEIVED,CM
1210270.08,51,0,7,500,867500000,-105.98,17.06,14.14,0.000355,RECEIVED,CM
1211688.57,53,0,7,500,868100000,-109.95,13.09,14.14,0.000355,RECEIVED,CM
1232733.14,55,0,9,250,868500000,-107.7,15.33,92.67,0.002328,RECEIVED,CM
1232954.89,0,0,12,125,867300000,-111.5,11.53,1318.91,0.03313,RECEIVED,CH
1234417.28,73,0,7,500,867300000,-93.3,29.73,14.14,0.000355,RECEIVED,CM
1236945.11,88,0,7,500,867500000,-112.32,10.71,14.14,0.000355,RECEIVED,CM
1238044.26,50,0,7,500,867700000,-129.5,-6.47,14.14,0.000355,LOST,CM
1243506.4,74,0,7,500,868100000,-130.93,-7.9,14.14,0.000355,LOST,CM
1245858.83,50,0,7,500,867300000,-116.35,6.68,14.14,0.000355,RECEIVED,CM
1247552.83,42,0,7,500,868300000,-99.32,23.71,14.14,0.000355,RECEIVED,CM
1248670.18,56,0,7,500,867500000,-109.0,14.03,14.14,0.000355,RECEIVED,CM
1252456.28,49,0,7,500,867700000,-129.87,-6.84,14.14,0.000355,LOST,CM
1265002.49,2,0,7,500,867500000,-112.48,10.55,14.14,0.000355,RECEIVED,CM
1266769.33,72,0,7,500,867900000,-101.52,21.51,14.14,0.000355,RECEIVED,CM
1268100.13,93,0,7,500,868100000,-120.41,2.62,14.14,0.000355,RECEIVED,CM
1269148.08,55,0,7,500,867500000,-120.7,2.33,14.14,0.000355,RECEIVED,CM
1270273.24,78,0,7,500,867300000,-96.31,26.72,14.14,0.000355,RECEIVED,CM
1271115.19,54,0,7,500,867900000,-102.26,20.77,14.14,0.000355,RECEIVED,CM
1280375.34,61,0,7,500,867700000,-103.2,19.83,14.14,0.000355,RECEIVED,CM
1283356.8,33,0,7,250,868300000,-114.76,8.27,28.29,0.000711,RECEIVED,CM
1288340.17,47,0,7,500,868300000,-121.9,1.14,14.14,0.000355,LOST,CM
1289376.4,95,0,7,500,867700000,-128.32,-5.29,14.14,0.000355,LOST,CM
1291444.93,45,0,7,500,867300000,-101.16,21.87,14.14,0.000355,RECEIVED,CM
1293592.6,15,0,7,500,867700000,-96.71,26.32,14.14,0.000355,RECEIVED,CM
1295047.82,10,0,7,500,867300000,-108.89,14.14,14.14,0.000355,RECEIVED,CM
1295378.78,31,0,7,500,868300000,-86.86,36.17,14.14,0.000355,RECEIVED,CM
1295588.83,5,0,7,500,867700000,-120.13,2.91,14.14,0.000355,RECEIVED,CM
1300692.65,21,0,7,500,868500000,-112.69,10.34,14.14,0.000355,RECEIVED,CM
1313760.74,16,0,7,500,867500000,-109.84,13.19,14.14,0.000355,RECEIVED,CM
1314119.69,96,0,7,500,868300000,-96.45,26.58,14.14,0.000355,RECEIVED,CM
1314215.87,26,0,7,250,867500000,-111.79,11.24,28.29,0.000711,RECEIVED,CH
1315692.28,19,0,7,500,868100000,-116.77,6.26,14.14,0.000355,RECEIVED,CM
1317699.24,18,0,9,250,868500000,-108.08,14.96,92.67,0.002328,RECEIVED,CM
1320254.67,21,0,7,500,867700000,-108.3,14.73,14.14,0.000355,RECEIVED,CM
1323479.55,72,0,7,500,867100000,-119.32,3.71,14.14,0.000355,RECEIVED,CM
1327934.05,24,0,7,500,867100000,-78.83,44.2,14.14,0.000355,RECEIVED,CM
1329844.01,98,0,7,500,867300000,-107.03,16.0,14.14,0.000355,RECEIVED,CM
1332498.78,74,0,7,500,867700000,-115.3,7.73,14.14,0.000355,RECEIVED,CM
1333035.4,40,0,7,500,868100000,-127.55,-4.51,14.14,0.000355,LOST,CH
1334657.2,26,0,7,250,868500000,-116.43,6.6,28.29,0.000711,RECEIVED,CH
1335730.8,12,0,7,500,867700000,-113.19,9.84,14.14,0.000355,RECEIVED,CM
1336114.76,98,0,7,500,867900000,-115.37,7.66,14.14,0.000355,RECEIVED,CM
1337096.6,13,0,7,500,868100000,-119.31,3.72,14.14,0.000355,RECEIVED,CM
1338006.05,34,0,7,250,867900000,-125.1,-2.07,28.29,0.000711,LOST,CM
1345666.95,25,0,7,500,867500000,-89.87,33.16,14.14,0.000355,RECEIVED,CM
1348084.94,47,0,7,500,868300000,-103.66,19.37,14.14,0.000355,RECEIVED,CM
1349643.92,46,0,7,500,868500000,-124.47,-1.44,14.14,0.000355,LOST,CM
1356285.76,99,0,7,500,867500000,-125.89,-2.86,14.14,0.000355,LOST,CM
1356993.26,52,0,7,125,867300000,-120.98,2.05,56.58,0.001421,RECEIVED,CM
1367589.24,80,0,7,500,867500000,-98.1,24.93,14.14,0.000355,RECEIVED,CM
1369866.82,27,0,7,500,868300000,-108.01,15.02,14.14,0.000355,RECEIVED,CM
1371807.41,31,0,7,500,867900000,-109.46,13.57,14.14,0.000355,RECEIVED,CM
1372438.64,22,0,7,500,867300000,-94.58,28.45,14.14,0.000355,RECEIVED,CM
1373193.41,71,0,7,500,868500000,-122.48,0.55,14.14,0.000355,LOST,CM
1376997.3,66,0,7,500,867100000,-97.73,25.3,14.14,0.000355,RECEIVED,CM
1377231.29,68,0,7,500,868300000,-96.85,26.18,14.14,0.000355,RECEIVED,CM
1377719.31,5,0,7,250,867500000,-118.02,5.01,28.29,0.000711,RECEIVED,CM
1378505.36,9,0,7,500,867300000,-111.01,12.02,14.14,0.000355,RECEIVED,CM
1380859.1,14,0,7,500,868500000,-98.76,24.28,14.14,0.000355,RECEIVED,CM
1380865.69,95,0,7,250,867300000,-115.15,7.88,28.29,0.000711,RECEIVED,CM
1385057.56,12,0,7,500,867100000,-103.69,19.34,14.14,0.000355,RECEIVED,CM
1386366.15,10,0,7,500,867100000,-115.01,8.02,14.14,0.000355,RECEIVED,CM
1386568.47,34,0,7,500,867100000,-123.59,-0.56,14.14,0.000355,LOST,CM
1393085.38,57,0,7,500,867900000,-112.7,10.33,14.14,0.000355,RECEIVED,CM
1399352.87,67,0,7,500,867300000,-99.08,23.95,14.14,0.000355,RECEIVED,CM
1407622.39,53,0,7,500,867900000,-94.16,28.87,14.14,0.000355,RECEIVED,CM
1409509.3,0,0,12,125,867500000,-120.91,2.12,1318.91,0.03313,RECEIVED,CH
1411434.22,3,0,7,500,868300000,-100.55,22.48,14.14,0.000355,RECEIVED,CM
1412149.74,35,0,7,500,868300000,-106.16,16.88,14.14,0.000355,RECEIVED,CM
1413638.99,37,0,7,500,867700000,-123.36,-0.32,14.14,0.000355,LOST,CM
1415840.34,63,0,7,500,867900000,-115.19,7.84,14.14,0.000355,RECEIVED,CM
1416182.59,57,0,7,500,867900000,-93.02,30.01,14.14,0.000355,RECEIVED,CM
1423289.75,63,0,7,500,868500000,-128.3,-5.27,14.14,0.000355,LOST,CM
1424776.15,56,0,7,500,867500000,-104.62,18.41,14.14,0.000355,RECEIVED,CM
1425580.8,4,0,7,500,868300000,-103.12,19.91,14.14,0.000355,RECEIVED,CM
1430137.21,13,0,7,500,867100000,-100.94,22.09,14.14,0.000355,RECEIVED,CM
1431381.9,7,0,7,250,868500000,-115.54,7.49,28.29,0.000711,RECEIVED,CM
1436809.06,14,0,7,500,867100000,-103.19,19.85,14.14,0.000355,RECEIVED,CM
1448312.9,37,0,7,500,867900000,-103.04,20.0,14.14,0.000355,RECEIVED,CM
1448489.25,28,0,7,500,867700000,-111.61,11.42,14.14,0.000355,RECEIVED,CM
1449208.43,24,0,7,500,867900000,-89.7,33.33,14.14,0.000355,RECEIVED,CM
1454887.89,97,0,7,500,868500000,-119.86,3.17,14.14,0.000355,RECEIVED,CH
1473102.65,96,0,7,500,867500000,-98.27,24.76,14.14,0.000355,RECEIVED,CM
1475704.56,16,0,7,500,868300000,-102.04,20.99,14.14,0.000355,RECEIVED,CM
1476448.47,65,0,7,500,867900000,-102.14,20.89,14.14,0.000355,RECEIVED,CM
1478857.41,5,0,12,125,867300000,-131.1,-8.07,1318.91,0.03313,RECEIVED,CM
1479657.01,17,0,7,500,868500000,-86.7,36.33,14.14,0.000355,RECEIVED,CM
1479917.25,27,0,7,500,867900000,-108.64,14.39,14.14,0.000355,RECEIVED,CM
1493578.62,63,0,7,500,868100000,-107.37,15.67,14.14,0.000355,RECEIVED,CM
1496557.6,68,0,7,500,868300000,-109.92,13.11,14.14,0.000355,RECEIVED,CM
1499217.37,64,0,8,125,867900000,-118.8,4.23,102.91,0.002585,RECEIVED,CM
1499664.98,54,0,7,500,867500000,-104.68,18.35,14.14,0.000355,RECEIVED,CM
1499818.1,88,0,7,500,867700000,-84.74,38.29,14.14,0.000355,RECEIVED,CM
1499855.42,79,0,7,250,868500000,-127.34,-4.31,28.29,0.000711,LOST,CM
1502040.0,32,0,7,500,867900000,-113.81,9.22,14.14,0.000355,RECEIVED,CM
1502153.49,25,0,7,500,868300000,-105.47,17.56,14.14,0.000355,RECEIVED,CM
1505813.25,99,0,7,500,867100000,-119.75,3.28,14.14,0.000355,RECEIVED,CM
1506016.03,16,0,7,500,867900000,-103.19,19.84,14.14,0.000355,RECEIVED,CM
1506169.58,89,0,7,500,867700000,-108.55,14.48,14.14,0.000355,RECEIVED,CM
1511037.37,13,0,7,500,867500000,-103.37,19.66,14.14,0.000355,RECEIVED,CM
1514279.78,68,0,7,500,867500000,-98.48,24.55,14.14,0.000355,RECEIVED,CM
1515147.77,74,0,7,500,867500000,-108.96,14.07,14.14,0.000355,RECEIVED,CM
1517562.17,74,0,7,500,867100000,-109.43,13.6,14.14,0.000355,RECEIVED,CM
1517837.19,65,0,7,500,868500000,-126.9,-3.87,14.14,0.000355,LOST,CM
1518016.85,69,0,7,500,867300000,-103.39,19.64,14.14,0.000355,RECEIVED,CM
1527255.35,23,0,7,500,868500000,-98.24,24.79,14.14,0.000355,RECEIVED,CM
1528402.49,36,0,7,500,867500000,-103.31,19.72,14.14,0.000355,RECEIVED,CM
1528800.07,7,0,7,500,867700000,-122.29,0.74,14.14,0.000355,LOST,CM
1538115.97,84,0,7,500,868100000,-114.02,9.01,14.14,0.000355,RECEIVED,CM
1538408.97,45,0,7,500,867100000,-96.72,26.31,14.14,0.000355,RECEIVED,CM
1541326.62,55,0,7,500,867500000,-109.79,13.24,14.14,0.000355,RECEIVED,CM
1542400.5,0,0,7,125,867300000,-114.76,8.27,56.58,0.001421,RECEIVED,CH
1543741.56,83,0,7,500,867500000,-110.61,12.43,14.14,0.000355,RECEIVED,CM
1544314.6,45,0,7,500,868300000,-92.99,30.04,14.14,0.000355,RECEIVED,CM
1544360.5,99,0,9,250,867300000,-124.93,-1.89,92.67,0.002328,RECEIVED,CM
1548755.0,63,0,7,125,867100000,-124.89,-1.86,56.58,0.001421,RECEIVED,CM
1548971.23,69,0,7,500,867700000,-108.96,14.07,14.14,0.000355,RECEIVED,CM
1549297.26,72,0,7,500,867100000,-107.37,15.66,14.14,0.000355,RECEIVED,CM
1549819.49,91,0,7,500,868100000,-117.08,5.95,14.14,0.000355,RECEIVED,CM
1556835.0,32,0,7,500,867100000,-107.78,15.26,14.14,0.000355,RECEIVED,CM
1559112.67,37,0,7,250,868300000,-121.66,1.37,28.29,0.000711,RECEIVED,CM
1561459.4,60,0,7,500,867500000,-118.58,4.45,14.14,0.000355,RECEIVED,CM
1567170.03,86,0,7,500,867900000,-122.8,0.23,14.14,0.000355,LOST,CM
1567883.72,70,0,7,500,867100000,-100.59,22.44,14.14,0.000355,RECEIVED,CM
1572210.02,20,0,7,500,867300000,-125.65,-2.62,14.14,0.000355,LOST,CM
1572406.05,27,0,7,500,867700000,-121.87,1.17,14.14,0.000355,LOST,CM
1579896.16,76,0,7,500,868300000,-121.9,1.13,14.14,0.000355,LOST,CM
1580908.81,25,0,7,500,867300000,-105.0,18.04,14.14,0.000355,RECEIVED,CM
1583136.79,84,0,7,500,867500000,-101.46,21.57,14.14,0.000355,RECEIVED,CM
1592999.16,4,0,7,500,867900000,-85.94,37.09,14.14,0.000355,RECEIVED,CM
1594110.81,40,0,7,500,867700000,-126.39,-3.36,14.14,0.000355,LOST,CH
1595525.21,40,0,7,125,867500000,-91.39,31.64,56.58,0.001421,RECEIVED,CH
1596897.31,66,0,7,500,867100000,-111.83,11.2,14.14,0.000355,RECEIVED,CM
1604472.4,92,0,7,500,867100000,-93.49,29.54,14.14,0.000355,RECEIVED,CM
1606791.69,56,0,7,500,867100000,-108.08,14.95,14.14,0.000355,RECEIVED,CM
1612616.15,66,0,7,500,867100000,-116.48,6.55,14.14,0.000355,RECEIVED,CM
1617097.49,95,0,7,500,868300000,-123.83,-0.8,14.14,0.000355,LOST,CM
1617106.92,87,0,7,500,867700000,-117.83,5.2,14.14,0.000355,RECEIVED,CM
1619883.76,16,0,7,500,867900000,-97.46,25.57,14.14,0.000355,RECEIVED,CM
1626690.53,40,0,7,500,867100000,-117.08,5.95,14.14,0.000355,RECEIVED,CH
1627967.46,95,0,7,500,867700000,-112.47,10.56,14.14,0.000355,RECEIVED,CM
1628850.83,77,0,7,500,868300000,-130.24,-7.21,14.14,0.000355,LOST,CM
1629592.11,37,0,7,500,867300000,-117.11,5.92,14.14,0.000355,RECEIVED,CM
1636330.18,18,0,7,500,867700000,-124.58,-1.55,14.14,0.000355,LOST,CM
1641413.88,71,0,7,250,867700000,-111.7,11.33,28.29,0.000711,RECEIVED,CM
1643942.15,70,0,7,500,867100000,-110.82,12.22,14.14,0.000355,RECEIVED,CM
1643983.08,47,0,7,500,868300000,-120.11,2.92,14.14,0.000355,RECEIVED,CM
1644580.18,33,0,7,500,867100000,-90.83,32.2,14.14,0.000355,RECEIVED,CM
1648083.18,14,0,7,500,867100000,-94.66,28.37,14.14,0.000355,RECEIVED,CM
1651032.36,66,0,7,500,867900000,-113.81,9.22,14.14,0.000355,RECEIVED,CM
1651597.16,47,0,7,500,867500000,-97.15,25.88,14.14,0.000355,RECEIVED,CM
1652204.98,18,0,7,500,867700000,-107.53,15.5,14.14,0.000355,RECEIVED,CM
1655275.55,97,0,7,125,868300000,-103.18,19.85,56.58,0.001421,RECEIVED,CH
1655365.66,5,0,7,500,867900000,-102.89,20.14,14.14,0.000355,RECEIVED,CM
1659691.7,48,0,7,500,867900000,-106.97,16.06,14.14,0.000355,RECEIVED,CM
1665289.31,11,0,7,500,868500000,-124.86,-1.83,14.14,0.000355,LOST,CM
1666098.88,78,0,7,500,868100000,-101.69,21.34,14.14,0.000355,RECEIVED,CM
1668687.32,65,0,7,500,867900000,-118.7,4.33,14.14,0.000355,RECEIVED,CM
1670027.74,14,0,7,500,867100000,-103.94,19.09,14.14,0.000355,RECEIVED,CM
1671305.32,50,0,7,500,868100000,-107.38,15.65,14.14,0.000355,RECEIVED,CM
1672742.52,27,0,7,500,867900000,-119.08,3.95,14.14,0.000355,RECEIVED,CM
1674837.47,50,0,7,500,867700000,-112.66,10.37,14.14,0.000355,RECEIVED,CM
1678501.87,63,0,7,250,867100000,-115.05,7.98,28.29,0.000711,RECEIVED,CM
1682525.94,53,0,7,500,867900000,-97.8,25.23,14.14,0.000355,RECEIVED,CM
1683398.35,71,0,7,500,867900000,-118.97,4.06,14.14,0.000355,RECEIVED,CM
1684517.94,77,0,7,500,867900000,-125.26,-2.23,14.14,0.000355,LOST,CM
1692994.38,85,0,7,500,867500000,-98.2,24.83,14.14,0.000355,RECEIVED,CM
1694231.39,93,0,8,125,868500000,-108.11,14.92,102.91,0.002585,RECEIVED,CM
1704466.35,40,0,7,500,867500000,-118.12,4.91,14.14,0.000355,RECEIVED,CH
1717304.65,69,0,7,500,867100000,-117.72,5.31,14.14,0.000355,RECEIVED,CM
1717526.41,13,0,7,500,868100000,-114.63,8.4,14.14,0.000355,RECEIVED,CM
1720349.01,14,0,7,500,867100000,-86.54,36.49,14.14,0.000355,RECEIVED,CM
1720844.77,15,0,7,250,867700000,-103.97,19.06,28.29,0.000711,RECEIVED,CM
1723684.52,55,0,7,125,868500000,-122.89,0.15,56.58,0.001421,RECEIVED,CM
1724305.38,86,0,7,500,867100000,-96.6,26.43,14.14,0.000355,RECEIVED,CM
1725627.48,69,0,7,500,867500000,-113.73,9.3,14.14,0.000355,RECEIVED,CM
1726004.89,61,0,7,500,867500000,-112.04,10.99,14.14,0.000355,RECEIVED,CM
1728761.58,92,0,7,500,868100000,-85.26,37.77,14.14,0.000355,RECEIVED,CM
1730399.3,46,0,7,500,867700000,-118.71,4.32,14.14,0.000355,RECEIVED,CM
1732052.93,86,0,7,500,867500000,-119.54,3.49,14.14,0.000355,RECEIVED,CM
1736944.37,9,0,7,250,868100000,-117.38,5.65,28.29,0.000711,RECEIVED,CM
1738665.48,92,0,7,500,868500000,-90.17,32.86,14.14,0.000355,RECEIVED,CM
1743180.14,10,0,7,500,867100000,-105.47,17.57,14.14,0.000355,RECEIVED,CM
1746412.31,23,0,9,125,867500000,-114.54,8.49,185.34,0.004656,RECEIVED,CM
1748480.18,90,0,7,500,867900000,-109.13,13.9,14.14,0.000355,RECEIVED,CM
1750248.27,51,0,7,500,867900000,-110.02,13.01,14.14,0.000355,RECEIVED,CM
1759264.33,13,0,7,500,867500000,-118.42,4.61,14.14,0.000355,RECEIVED,CM
1768040.07,69,0,7,500,867100000,-117.33,5.71,14.14,0.000355,RECEIVED,CM
1768231.46,11,0,7,500,867500000,-99.71,23.32,14.14,0.000355,RECEIVED,CM
1770331.21,12,0,7,500,867500000,-111.35,11.68,14.14,0.000355,RECEIVED,CM
1773293.26,6,0,7,500,867900000,-92.89,30.14,14.14,0.000355,RECEIVED,CM
1779102.55,31,0,7,500,867500000,-114.97,8.06,14.14,0.000355,RECEIVED,CM
1779540.95,93,0,7,500,868500000,-119.78,3.25,14.14,0.000355,RECEIVED,CM
1781114.17,39,0,7,500,867900000,-96.86,26.17,14.14,0.000355,RECEIVED,CM
1782097.76,55,0,7,500,867100000,-122.74,0.29,14.14,0.000355,LOST,CM
1788325.01,3,0,7,500,867900000,-104.28,18.75,14.14,0.000355,RECEIVED,CM
1789997.22,97,0,7,500,868500000,-124.56,-1.53,14.14,0.000355,LOST,CH
1792557.2,65,0,7,500,868500000,-107.99,15.04,14.14,0.000355,RECEIVED,CM
1797793.18,90,0,7,250,867500000,-106.18,16.85,28.29,0.000711,RECEIVED,CM
1801773.86,79,0,7,500,867900000,-106.98,16.05,14.14,0.000355,RECEIVED,CM
1805353.27,20,0,7,500,868500000,-122.97,0.07,14.14,0.000355,LOST,CM
1806859.72,79,0,7,500,868300000,-102.01,21.02,14.14,0.000355,RECEIVED,CM
1808899.24,75,0,7,250,868100000,-132.07,-9.04,28.29,0.000711,LOST,CH
1809466.26,46,0,7,500,867900000,-109.72,13.31,14.14,0.000355,RECEIVED,CM
1809862.88,65,0,7,500,867700000,-98.31,24.72,14.14,0.000355,RECEIVED,CM
1811471.98,87,0,7,250,868500000,-121.34,1.69,28.29,0.000711,RECEIVED,CM
1813918.35,95,0,7,500,867300000,-125.48,-2.45,14.14,0.000355,LOST,CM
1819173.04,2,0,7,500,867100000,-108.92,14.11,14.14,0.000355,RECEIVED,CM
1823310.14,1,0,7,500,868300000,-108.52,14.51,14.14,0.000355,RECEIVED,CM
1823587.62,45,0,7,500,868100000,-81.0,42.03,14.14,0.000355,RECEIVED,CM
1824328.89,5,0,7,500,867300000,-115.73,7.3,14.14,0.000355,RECEIVED,CM
1825687.83,60,0,7,500,867100000,-120.46,2.58,14.14,0.000355,RECEIVED,CM
1829492.46,37,0,7,500,867300000,-117.41,5.62,14.14,0.000355,RECEIVED,CM
1831285.74,61,0,9,125,868100000,-124.16,-1.12,185.34,0.004656,RECEIVED,CM
1836264.34,19,0,7,500,867300000,-109.85,13.18,14.14,0.000355,RECEIVED,CM
1849007.67,73,0,9,125,868100000,-119.09,3.94,185.34,0.004656,RECEIVED,CM
1857305.1,32,0,7,500,867300000,-100.92,22.11,14.14,0.000355,RECEIVED,CM
1867386.66,10,0,7,500,867700000,-107.78,15.25,14.14,0.000355,RECEIVED,CM
1872817.16,97,0,7,125,868300000,-136.0,-12.97,56.58,0.001421,LOST,CH
1873537.69,29,0,10,125,868500000,-115.37,7.67,370.69,0.009311,RECEIVED,CM
1874351.23,85,0,7,500,867300000,-99.79,23.25,14.14,0.000355,RECEIVED,CM
1881125.74,40,0,7,500,868500000,-106.63,16.4,14.14,0.000355,RECEIVED,CH
1885063.7,41,0,7,500,867700000,-100.7,22.33,14.14,0.000355,RECEIVED,CM
1893746.6,32,0,7,500,867700000,-102.08,20.95,14.14,0.000355,RECEIVED,CM
1902268.56,76,0,7,500,868300000,-105.69,17.34,14.14,0.000355,RECEIVED,CM
1905547.76,11,0,7,250,868100000,-118.27,4.76,28.29,0.000711,RECEIVED,CM
1907395.19,34,0,7,500,868300000,-117.86,5.17,14.14,0.000355,RECEIVED,CM
1909259.51,27,0,7,500,867100000,-102.21,20.82,14.14,0.000355,RECEIVED,CM
1909682.94,33,0,7,500,867500000,-119.02,4.01,14.14,0.000355,RECEIVED,CM
1911606.49,29,0,7,500,867700000,-131.86,-8.82,14.14,0.000355,LOST,CM
1914751.44,26,0,7,500,867300000,-116.56,6.47,14.14,0.000355,RECEIVED,CH
1919188.87,88,0,7,500,867100000,-103.13,19.9,14.14,0.000355,RECEIVED,CM
1925559.3,70,0,7,500,868300000,-109.8,13.23,14.14,0.000355,RECEIVED,CM
1925580.77,5,0,7,500,867500000,-114.26,8.77,14.14,0.000355,RECEIVED,CM
1930492.93,39,0,7,500,867300000,-123.33,-0.29,14.14,0.000355,LOST,CM
1934030.06,49,0,7,500,867500000,-122.86,0.17,14.14,0.000355,LOST,CM
1936243.42,65,0,7,500,867500000,-117.51,5.52,14.14,0.000355,RECEIVED,CM
1937937.25,27,0,7,500,867500000,-117.17,5.86,14.14,0.000355,RECEIVED,CM
1938185.96,47,0,7,250,868100000,-126.84,-3.81,28.29,0.000711,LOST,CM
1941069.61,73,0,7,500,867900000,-121.34,1.69,14.14,0.000355,LOST,CM
1943924.36,47,0,7,500,867700000,-111.22,11.81,14.14,0.000355,RECEIVED,CM
1946564.29,8,0,7,500,868100000,-105.06,17.97,14.14,0.000355,RECEIVED,CM
1949583.23,63,0,7,500,867900000,-113.81,9.22,14.14,0.000355,RECEIVED,CM
1951997.05,72,0,7,500,867300000,-104.96,18.07,14.14,0.000355,RECEIVED,CM
1958591.64,80,0,7,500,867700000,-97.94,25.09,14.14,0.000355,RECEIVED,CM
1960049.77,70,0,7,500,868100000,-99.34,23.69,14.14,0.000355,RECEIVED,CM
1964992.96,36,0,7,500,868500000,-115.13,7.9,14.14,0.000355,RECEIVED,CM
1970551.87,75,0,7,500,867100000,-108.79,14.24,14.14,0.000355,RECEIVED,CH
1971892.45,12,0,7,500,868500000,-108.44,14.59,14.14,0.000355,RECEIVED,CM
1972347.21,71,0,7,500,867900000,-111.08,11.95,14.14,0.000355,RECEIVED,CM
1973215.07,63,0,7,250,867700000,-112.07,10.96,28.29,0.000711,RECEIVED,CM
1974791.95,54,0,7,500,867500000,-87.02,36.01,14.14,0.000355,RECEIVED,CM
1975469.29,98,0,7,500,868500000,-106.54,16.49,14.14,0.000355,RECEIVED,CM
1983298.87,66,0,7,500,868300000,-117.32,5.71,14.14,0.000355,RECEIVED,CM
1983551.08,65,0,7,500,867700000,-104.04,18.99,14.14,0.000355,RECEIVED,CM
1985133.19,38,0,7,500,867500000,-111.32,11.71,14.14,0.000355,RECEIVED,CM
1985896.83,13,0,7,500,868300000,-136.16,-13.13,14.14,0.000355,LOST,CM
1988783.48,16,0,7,500,867100000,-106.08,16.96,14.14,0.000355,RECEIVED,CM
1992352.66,85,0,7,500,868100000,-98.52,24.51,14.14,0.000355,RECEIVED,CM
1993591.82,68,0,7,500,867500000,-99.67,23.36,14.14,0.000355,RECEIVED,CM
1993712.18,35,0,8,250,868300000,-123.65,-0.62,51.46,0.001293,RECEIVED,CM
1997291.61,45,0,7,500,867700000,-106.7,16.33,14.14,0.000355,RECEIVED,CM
2000450.18,79,0,7,500,867900000,-80.63,42.4,14.14,0.000355,RECEIVED,CM
2006552.52,27,0,7,500,867300000,-112.18,10.85,14.14,0.000355,RECEIVED,CM
2006775.11,14,0,7,500,867900000,-104.55,18.48,14.14,0.000355,RECEIVED,CM
2017303.55,89,0,9,250,867700000,-109.93,13.1,92.67,0.002328,RECEIVED,CM
2018744.02,22,0,7,500,868100000,-105.34,17.69,14.14,0.000355,RECEIVED,CM
2026971.17,79,0,7,500,867300000,-116.08,6.95,14.14,0.000355,RECEIVED,CM
2031896.27,84,0,9,125,867700000,-115.84,7.19,185.34,0.004656,RECEIVED,CM
2036128.45,20,0,7,500,867300000,-120.2,2.83,14.14,0.000355,RECEIVED,CM
2037579.1,18,0,7,500,867100000,-88.01,35.02,14.14,0.000355,RECEIVED,CM
2043799.87,43,0,7,500,867500000,-119.33,3.7,14.14,0.000355,RECEIVED,CM
2046447.95,9,0,7,500,867100000,-119.23,3.8,14.14,0.000355,RECEIVED,CM
2047161.03,81,0,7,500,867300000,-114.7,8.33,14.14,0.000355,RECEIVED,CM
2047714.25,25,0,7,500,868500000,-100.48,22.55,14.14,0.000355,RECEIVED,CM
2051430.67,84,0,7,500,868500000,-124.7,-1.67,14.14,0.000355,LOST,CM
2054174.59,79,0,7,500,867700000,-119.23,3.8,14.14,0.000355,RECEIVED,CM
2063191.15,42,0,7,500,867300000,-106.53,16.51,14.14,0.000355,RECEIVED,CM
2063409.39,96,0,7,500,867300000,-95.29,27.74,14.14,0.000355,RECEIVED,CM
2068284.44,57,0,7,500,868300000,-104.63,18.4,14.14,0.000355,RECEIVED,CM
2070192.75,56,0,7,500,867900000,-97.77,25.26,14.14,0.000355,RECEIVED,CM
2074483.2,97,0,7,250,867900000,-116.36,6.67,28.29,0.000711,RECEIVED,CH
2083228.79,11,0,7,500,867700000,-115.67,7.36,14.14,0.000355,RECEIVED,CM
2095404.51,70,0,7,500,867300000,-101.82,21.21,14.14,0.000355,RECEIVED,CM
2099399.72,2,0,7,500,867100000,-109.96,13.07,14.14,0.000355,RECEIVED,CM
2104147.72,29,0,7,250,867500000,-105.65,17.38,28.29,0.000711,RECEIVED,CM
2115059.69,17,0,7,500,868300000,-104.0,19.04,14.14,0.000355,RECEIVED,CM
2117866.09,25,0,7,500,867700000,-107.36,15.67,14.14,0.000355,RECEIVED,CM
2122577.64,83,0,7,500,867900000,-116.18,6.85,14.14,0.000355,RECEIVED,CM
2122975.27,4,0,7,500,868300000,-104.7,18.33,14.14,0.000355,RECEIVED,CM
2131299.22,13,0,7,500,868100000,-115.22,7.81,14.14,0.000355,RECEIVED,CM
2132373.98,37,0,7,500,868500000,-100.74,22.29,14.14,0.000355,RECEIVED,CM
2134215.4,95,0,7,500,867300000,-125.62,-2.59,14.14,0.000355,LOST,CM
2136538.06,99,0,7,500,868100000,-126.83,-3.8,14.14,0.000355,LOST,CM
2141315.72,12,0,7,500,867300000,-97.7,25.33,14.14,0.000355,RECEIVED,CM
2141433.02,5,0,8,125,867100000,-100.2,22.83,102.91,0.002585,RECEIVED,CM
2144130.73,91,0,7,500,867900000,-105.64,17.39,14.14,0.000355,RECEIVED,CM
2150133.25,30,0,7,500,867700000,-112.23,10.81,14.14,0.000355,RECEIVED,CM
2150138.7,77,0,7,250,867900000,-115.81,7.22,28.29,0.000711,RECEIVED,CM
2163983.36,68,0,7,500,867900000,-106.1,16.93,14.14,0.000355,RECEIVED,CM
2164003.18,59,0,7,500,868500000,-91.54,31.49,14.14,0.000355,RECEIVED,CM
2164701.28,90,0,7,500,868500000,-108.67,14.36,14.14,0.000355,RECEIVED,CM
2167488.83,45,0,7,500,868100000,-87.95,35.08,14.14,0.000355,RECEIVED,CM
2170559.41,17,0,7,500,867300000,-94.12,28.91,14.14,0.000355,RECEIVED,CM
2172540.85,39,0,7,500,867100000,-97.95,25.08,14.14,0.000355,RECEIVED,CM
2177965.92,33,0,7,500,868500000,-119.38,3.66,14.14,0.000355,RECEIVED,CM
2181283.53,28,0,7,500,867500000,-121.64,1.39,14.14,0.000355,LOST,CM
2183691.19,84,0,7,500,868500000,-113.61,9.42,14.14,0.000355,RECEIVED,CM
2184781.02,62,0,7,500,868500000,-115.83,7.2,14.14,0.000355,RECEIVED,CM
2189630.97,70,0,7,250,867300000,-94.67,28.36,28.29,0.000711,RECEIVED,CM
2190370.6,83,0,7,500,868100000,-115.35,7.68,14.14,0.000355,RECEIVED,CM
2191422.68,20,0,7,500,868500000,-108.17,14.86,14.14,0.000355,RECEIVED,CM
2192155.61,39,0,7,250,867900000,-107.74,15.29,28.29,0.000711,RECEIVED,CM
2196343.85,55,0,8,125,867500000,-122.87,0.16,102.91,0.002585,RECEIVED,CM
2198944.02,37,0,7,250,868500000,-105.05,17.98,28.29,0.000711,RECEIVED,CM
2205330.34,93,0,7,500,867100000,-115.42,7.61,14.14,0.000355,RECEIVED,CM
2205706.73,60,0,7,500,867700000,-125.33,-2.3,14.14,0.000355,LOST,CM
2210761.01,96,0,7,500,867100000,-105.78,17.26,14.14,0.000355,RECEIVED,CM
2217951.02,99,0,7,500,868500000,-126.75,-3.72,14.14,0.000355,LOST,CM
2222356.91,22,0,7,500,868500000,-119.23,3.8,14.14,0.000355,RECEIVED,CM
2223066.43,66,0,7,500,868300000,-113.26,9.77,14.14,0.000355,RECEIVED,CM
2224087.8,50,0,7,500,867700000,-116.12,6.91,14.14,0.000355,RECEIVED,CM
2230063.97,71,0,7,250,867300000,-109.45,13.58,28.29,0.000711,RECEIVED,CM
2233551.68,93,0,9,250,867700000,-121.16,1.87,92.67,0.002328,RECEIVED,CM
2233742.39,44,0,7,500,867100000,-126.41,-3.38,14.14,0.000355,LOST,CM
2241403.24,24,0,7,500,867100000,-100.17,22.86,14.14,0.000355,RECEIVED,CM
2249911.71,21,0,7,500,867700000,-99.15,23.88,14.14,0.000355,RECEIVED,CM
2251870.73,50,0,7,500,867500000,-108.04,14.99,14.14,0.000355,RECEIVED,CM
2254943.55,77,0,7,125,868100000,-105.56,17.47,56.58,0.001421,RECEIVED,CM
2257554.91,72,0,7,500,868300000,-113.39,9.64,14.14,0.000355,RECEIVED,CM
2259304.98,63,0,7,250,867700000,-106.94,16.09,28.29,0.000711,RECEIVED,CM
2260112.08,91,0,7,500,868300000,-101.71,21.32,14.14,0.000355,RECEIVED,CM
2261336.39,9,0,7,500,867900000,-102.69,20.35,14.14,0.000355,RECEIVED,CM
2262692.07,52,0,7,500,867900000,-125.2,-2.17,14.14,0.000355,LOST,CM
2267751.7,12,0,7,500,868500000,-106.52,16.51,14.14,0.000355,RECEIVED,CM
2270256.05,62,0,7,500,867100000,-99.41,23.62,14.14,0.000355,RECEIVED,CM
2271606.45,26,0,11,125,867500000,-109.13,13.9,741.38,0.018623,RECEIVED,CH
2280231.11,6,0,7,500,867300000,-111.97,11.06,14.14,0.000355,RECEIVED,CM
2283280.41,44,0,7,500,868100000,-119.97,3.06,14.14,0.000355,RECEIVED,CM
2284544.79,90,0,7,500,867900000,-121.87,1.16,14.14,0.000355,LOST,CM
2288245.54,51,0,7,500,867700000,-103.55,19.48,14.14,0.000355,RECEIVED,CM
2290161.88,23,0,7,500,868500000,-123.24,-0.21,14.14,0.000355,LOST,CM
2290177.08,11,0,7,500,867300000,-117.95,5.08,14.14,0.000355,RECEIVED,CM
2291818.31,23,0,7,500,867100000,-121.25,1.78,14.14,0.000355,LOST,CM
2294075.89,37,0,7,125,868100000,-114.01,9.02,56.58,0.001421,RECEIVED,CM
2297922.62,38,0,7,500,867300000,-100.69,22.34,14.14,0.000355,RECEIVED,CM
2301876.74,98,0,7,500,867300000,-110.48,12.55,14.14,0.000355,RECEIVED,CM
2309976.79,79,0,7,500,867900000,-112.54,10.5,14.14,0.000355,RECEIVED,CM
2316796.85,6,0,7,500,867100000,-109.1,13.93,14.14,0.000355,RECEIVED,CM
2317030.97,45,0,7,500,868500000,-94.32,28.71,14.14,0.000355,RECEIVED,CM
2319109.66,34,0,12,125,868100000,-103.82,19.21,1318.91,0.03313,RECEIVED,CM
2319670.09,44,0,7,500,867100000,-120.13,2.9,14.14,0.000355,RECEIVED,CM
2321468.1,96,0,7,500,867900000,-99.2,23.83,14.14,0.000355,RECEIVED,CM
2327963.69,89,0,7,500,868500000,-109.5,13.53,14.14,0.000355,RECEIVED,CM
2331464.06,80,0,7,500,868300000,-109.56,13.47,14.14,0.000355,RECEIVED,CM
2333419.67,51,0,7,500,868300000,-107.26,15.78,14.14,0.000355,RECEIVED,CM
2336263.51,69,0,7,125,867700000,-108.16,14.88,56.58,0.001421,RECEIVED,CM
2337523.7,65,0,7,500,867500000,-122.57,0.46,14.14,0.000355,LOST,CM
2342578.26,86,0,7,500,867500000,-106.75,16.28,14.14,0.000355,RECEIVED,CM
2343060.32,93,0,7,250,867300000,-117.01,6.02,28.29,0.000711,RECEIVED,CM
2345210.42,27,0,7,250,867900000,-114.55,8.48,28.29,0.000711,RECEIVED,CM
2346007.96,72,0,7,500,867300000,-121.14,1.89,14.14,0.000355,LOST,CM
2346551.3,31,0,7,500,868500000,-109.6,13.43,14.14,0.000355,RECEIVED,CM
2348989.28,74,0,7,500,868300000,-120.46,2.58,14.14,0.000355,RECEIVED,CM
2349335.96,22,0,7,500,867500000,-110.17,12.86,14.14,0.000355,RECEIVED,CM
2350391.58,96,0,7,500,867100000,-92.96,30.07,14.14,0.000355,RECEIVED,CM
2352558.74,66,0,7,250,867500000,-109.04,13.99,28.29,0.000711,RECEIVED,CM
2356079.12,1,0,7,500,867300000,-110.22,12.81,14.14,0.000355,RECEIVED,CM
2356728.61,87,0,7,250,867700000,-116.79,6.24,28.29,0.000711,RECEIVED,CM
2358539.54,96,0,7,500,868300000,-107.12,15.91,14.14,0.000355,RECEIVED,CM
2361179.06,89,0,7,500,867100000,-95.78,27.25,14.14,0.000355,RECEIVED,CM
2362492.57,51,0,7,500,867900000,-107.15,15.88,14.14,0.000355,RECEIVED,CM
2363504.8,23,0,7,500,867500000,-130.1,-7.07,14.14,0.000355,LOST,CM
2363552.16,94,0,7,500,867700000,-127.43,-4.4,14.14,0.000355,LOST,CM
2364324.38,32,0,7,500,867300000,-102.71,20.32,14.14,0.000355,RECEIVED,CM
2367656.5,83,0,7,250,867900000,-111.65,11.38,28.29,0.000711,RECEIVED,CM
2367864.88,37,0,7,125,868100000,-104.03,19.0,56.58,0.001421,RECEIVED,CM
2372228.84,92,0,7,500,868500000,-104.15,18.88,14.14,0.000355,RECEIVED,CM
2373122.56,59,0,7,500,867500000,-106.59,16.44,14.14,0.000355,RECEIVED,CM
2374266.43,87,0,7,500,868300000,-119.77,3.27,14.14,0.000355,RECEIVED,CM
2383244.13,11,0,7,500,868100000,-121.19,1.84,14.14,0.000355,LOST,CM
2383888.82,8,0,7,500,868100000,-103.45,19.58,14.14,0.000355,RECEIVED,CM
2384478.14,46,0,7,500,868100000,-133.05,-10.02,14.14,0.000355,LOST,CM
2398761.94,95,0,8,125,867900000,-120.26,2.77,102.91,0.002585,RECEIVED,CM
2398891.06,31,0,7,500,867500000,-109.74,13.29,14.14,0.000355,RECEIVED,CM
2413938.6,69,0,7,500,867100000,-115.47,7.56,14.14,0.000355,RECEIVED,CM
2417155.98,79,0,7,500,867900000,-118.3,4.73,14.14,0.000355,RECEIVED,CM
2431721.87,55,0,7,500,867100000,-110.93,12.1,14.14,0.000355,RECEIVED,CM
2432283.59,82,0,7,500,867900000,-103.77,19.26,14.14,0.000355,RECEIVED,CM
2437203.75,36,0,7,500,867900000,-114.8,8.23,14.14,0.000355,RECEIVED,CM
2440178.38,75,0,7,500,867300000,-103.24,19.79,14.14,0.000355,RECEIVED,CH
2441434.79,96,0,7,500,867900000,-90.91,32.12,14.14,0.000355,RECEIVED,CM
2442522.57,56,0,7,500,868500000,-120.75,2.28,14.14,0.000355,RECEIVED,CM
2444936.97,56,0,7,500,867900000,-104.59,18.44,14.14,0.000355,RECEIVED,CM
2450097.5,33,0,11,125,867300000,-129.06,-6.03,741.38,0.018623,RECEIVED,CM
2452533.1,37,0,7,250,868100000,-105.62,17.41,28.29,0.000711,RECEIVED,CM
2458333.42,74,0,7,500,867500000,-118.72,4.31,14.14,0.000355,RECEIVED,CM
2460859.27,44,0,7,500,867100000,-120.12,2.91,14.14,0.000355,RECEIVED,CM
2465287.17,95,0,7,500,868100000,-118.04,4.99,14.14,0.000355,RECEIVED,CM
2468639.04,78,0,7,500,867900000,-108.02,15.01,14.14,0.000355,RECEIVED,CM
2469030.98,5,0,7,250,867100000,-120.9,2.13,28.29,0.000711,RECEIVED,CM
2469133.11,99,0,8,250,868300000,-129.3,-6.27,51.46,0.001293,LOST,CM
2471146.13,57,0,7,500,867500000,-101.85,21.18,14.14,0.000355,RECEIVED,CM
2472861.22,28,0,7,250,868100000,-108.22,14.81,28.29,0.000711,RECEIVED,CM
2477359.67,72,0,7,500,867300000,-102.92,20.12,14.14,0.000355,RECEIVED,CM
2480626.57,26,0,7,500,867700000,-127.81,-4.78,14.14,0.000355,LOST,CH
2482349.81,36,0,7,500,868500000,-108.4,14.63,14.14,0.000355,RECEIVED,CM
2483061.17,14,0,7,500,867700000,-103.19,19.84,14.14,0.000355,RECEIVED,CM
2483634.32,49,0,7,500,867900000,-121.21,1.82,14.14,0.000355,LOST,CM
2487169.89,97,0,7,500,868100000,-124.64,-1.61,14.14,0.000355,LOST,CH
2494719.07,79,0,7,500,867500000,-104.47,18.56,14.14,0.000355,RECEIVED,CM
2495436.31,39,0,7,500,867900000,-112.81,10.22,14.14,0.000355,RECEIVED,CM
2499463.15,45,0,7,500,868500000,-95.05,27.98,14.14,0.000355,RECEIVED,CM
2501805.51,76,0,7,125,867500000,-108.27,14.76,56.58,0.001421,RECEIVED,CM
2503318.9,49,0,7,500,867300000,-112.64,10.4,14.14,0.000355,RECEIVED,CM
2505573.95,30,0,9,125,867300000,-107.25,15.78,185.34,0.004656,RECEIVED,CM
2506493.78,13,0,7,250,868100000,-86.42,36.61,28.29,0.000711,RECEIVED,CM
2507381.92,94,0,7,500,868300000,-128.47,-5.44,14.14,0.000355,LOST,CM
2512545.0,97,0,12,125,867300000,-106.36,16.67,1318.91,0.03313,RECEIVED,CH
2519467.06,68,0,7,500,868100000,-90.87,32.17,14.14,0.000355,RECEIVED,CM
2522693.55,12,0,7,500,868100000,-123.92,-0.89,14.14,0.000355,LOST,CM
2525969.98,42,0,7,500,868300000,-115.55,7.48,14.14,0.000355,RECEIVED,CM
2527806.69,15,0,7,500,868300000,-108.54,14.49,14.14,0.000355,RECEIVED,CM
2539479.73,65,0,10,125,868100000,-118.16,4.87,370.69,0.009311,RECEIVED,CM
2539741.38,47,0,7,500,867700000,-110.5,12.53,14.14,0.000355,RECEIVED,CM
2545333.33,87,0,7,500,867500000,-111.11,11.92,14.14,0.000355,RECEIVED,CM
2549627.42,28,0,7,500,868300000,-128.25,-5.22,14.14,0.000355,LOST,CM
2551628.12,26,0,7,500,867900000,-116.39,6.64,14.14,0.000355,RECEIVED,CH
2553376.91,98,0,7,500,868100000,-118.52,4.51,14.14,0.000355,RECEIVED,CM
2554869.23,2,0,7,500,868100000,-111.78,11.26,14.14,0.000355,RECEIVED,CM
2556106.52,96,0,7,500,867300000,-102.22,20.81,14.14,0.000355,RECEIVED,CM
2560856.79,45,0,7,500,867300000,-84.19,38.84,14.14,0.000355,RECEIVED,CM
2562740.05,41,0,7,500,868300000,-102.88,20.15,14.14,0.000355,RECEIVED,CM
2563508.89,64,0,9,125,868500000,-128.33,-5.3,185.34,0.004656,RECEIVED,CM
2565536.95,84,0,7,500,867500000,-106.72,16.31,14.14,0.000355,RECEIVED,CM
2565596.55,31,0,7,500,867100000,-105.35,17.68,14.14,0.000355,RECEIVED,CM
2569022.71,72,0,7,500,868500000,-112.64,10.39,14.14,0.000355,RECEIVED,CM
2569710.52,9,0,7,500,867300000,-127.77,-4.73,14.14,0.000355,LOST,CM
2574218.27,91,0,7,500,868100000,-109.73,13.3,14.14,0.000355,RECEIVED,CM
2576604.0,45,0,7,500,868300000,-102.56,20.47,14.14,0.000355,RECEIVED,CM
2578413.82,46,0,7,500,867300000,-115.95,7.08,14.14,0.000355,RECEIVED,CM
2584041.51,72,0,7,500,868300000,-105.97,17.06,14.14,0.000355,RECEIVED,CM
2585626.38,34,0,7,500,868300000,-109.95,13.08,14.14,0.000355,RECEIVED,CM
2589951.26,34,0,7,500,867900000,-122.96,0.07,14.14,0.000355,LOST,CM
2591146.73,22,0,9,500,868300000,-124.73,-1.69,46.34,0.001164,RECEIVED,CM
2591323.63,25,0,7,500,867500000,-95.37,27.66,14.14,0.000355,RECEIVED,CM
2591382.9,29,0,7,500,868300000,-111.8,11.23,14.14,0.000355,RECEIVED,CM
2593447.01,5,0,7,500,867700000,-121.3,1.73,14.14,0.000355,LOST,CM
2596650.85,73,0,8,250,868100000,-125.21,-2.18,51.46,0.001293,RECEIVED,CM
2600139.94,89,0,7,500,867900000,-99.16,23.87,14.14,0.000355,RECEIVED,CM
2606808.1,18,0,7,500,867300000,-106.5,16.53,14.14,0.000355,RECEIVED,CM
2611704.99,17,0,7,500,867300000,-95.23,27.8,14.14,0.000355,RECEIVED,CM
2615763.62,31,0,7,500,867500000,-97.88,25.15,14.14,0.000355,RECEIVED,CM
2617550.15,74,0,7,500,868100000,-119.71,3.32,14.14,0.000355,RECEIVED,CM
2618088.66,16,0,7,500,867100000,-92.24,30.79,14.14,0.000355,RECEIVED,CM
2623688.85,54,0,7,500,868500000,-101.95,21.09,14.14,0.000355,RECEIVED,CM
2631680.92,28,0,7,500,868100000,-114.02,9.01,14.14,0.000355,RECEIVED,CM
2638937.25,10,0,7,500,868500000,-102.86,20.17,14.14,0.000355,RECEIVED,CM
2640425.36,62,0,7,500,867300000,-114.26,8.77,14.14,0.000355,RECEIVED,CM
2647739.65,26,0,7,500,868100000,-111.24,11.79,14.14,0.000355,RECEIVED,CH
2654793.1,29,0,7,250,867900000,-101.21,21.83,28.29,0.000711,RECEIVED,CM
2655383.53,60,0,7,500,868500000,-102.43,20.6,14.14,0.000355,RECEIVED,CM
2661013.4,59,0,7,500,868300000,-98.93,24.1,14.14,0.000355,RECEIVED,CM
2684267.75,16,0,7,500,867700000,-106.27,16.76,14.14,0.000355,RECEIVED,CM
2684877.33,5,0,7,500,867900000,-102.39,20.64,14.14,0.000355,RECEIVED,CM
2686052.15,92,0,7,500,868500000,-101.93,21.1,14.14,0.000355,RECEIVED,CM
2688818.34,22,0,7,500,867900000,-107.88,15.15,14.14,0.000355,RECEIVED,CM
2689123.64,28,0,7,500,868100000,-127.74,-4.71,14.14,0.000355,LOST,CM
2691233.85,22,0,7,500,867300000,-106.4,16.63,14.14,0.000355,RECEIVED,CM
2691826.35,35,0,7,500,867300000,-132.3,-9.27,14.14,0.000355,LOST,CM
2699609.59,94,0,7,500,868100000,-112.92,10.11,14.14,0.000355,RECEIVED,CM
2707493.03,51,0,7,500,867500000,-117.05,5.98,14.14,0.000355,RECEIVED,CM
2708261.42,77,0,9,125,867300000,-105.88,17.15,185.34,0.004656,RECEIVED,CM
2708970.03,86,0,7,500,867100000,-110.03,13.0,14.14,0.000355,RECEIVED,CM
2715662.52,90,0,7,500,867100000,-120.87,2.16,14.14,0.000355,LOST,CM
2718691.96,83,0,7,500,867300000,-110.63,12.4,14.14,0.000355,RECEIVED,CM
2722041.5,79,0,7,500,867100000,-109.96,13.07,14.14,0.000355,RECEIVED,CM
2723147.0,49,0,7,500,868300000,-107.56,15.48,14.14,0.000355,RECEIVED,CM
2723973.63,3,0,7,500,868300000,-90.9,32.13,14.14,0.000355,RECEIVED,CM
2731708.67,87,0,7,500,867100000,-122.22,0.81,14.14,0.000355,LOST,CM
2732085.62,89,0,7,500,867500000,-110.93,12.1,14.14,0.000355,RECEIVED,CM
2734084.92,55,0,7,500,867500000,-121.87,1.16,14.14,0.000355,LOST,CM
2734436.36,38,0,7,500,868500000,-110.63,12.4,14.14,0.000355,RECEIVED,CM
2739371.56,51,0,7,500,867100000,-106.47,16.56,14.14,0.000355,RECEIVED,CM
2745112.47,56,0,7,500,867500000,-100.17,22.86,14.14,0.000355,RECEIVED,CM
2752242.44,3,0,7,500,868100000,-105.0,18.03,14.14,0.000355,RECEIVED,CM
2753952.48,94,0,7,500,867700000,-103.73,19.3,14.14,0.000355,RECEIVED,CM
2755596.57,79,0,7,500,868100000,-104.01,19.02,14.14,0.000355,RECEIVED,CM
2756128.9,35,0,7,500,868100000,-117.57,5.46,14.14,0.000355,RECEIVED,CM
2759012.44,12,0,7,500,867500000,-116.97,6.06,14.14,0.000355,RECEIVED,CM
2759035.77,77,0,7,500,867500000,-126.64,-3.61,14.14,0.000355,LOST,CM
2759041.72,85,0,7,500,868100000,-93.34,29.69,14.14,0.000355,RECEIVED,CM
2762347.19,66,0,7,250,867700000,-112.76,10.27,28.29,0.000711,RECEIVED,CM
2765090.45,54,0,7,500,867100000,-112.37,10.66,14.14,0.000355,RECEIVED,CM
2765218.57,28,0,7,500,868100000,-127.95,-4.92,14.14,0.000355,LOST,CM
2766511.58,15,0,7,500,867500000,-113.35,9.69,14.14,0.000355,RECEIVED,CM
2767267.66,33,0,9,125,868500000,-117.1,5.93,185.34,0.004656,RECEIVED,CM
2768002.75,14,0,7,500,867100000,-104.2,18.83,14.14,0.000355,RECEIVED,CM
2775411.19,86,0,7,500,867500000,-106.25,16.78,14.14,0.000355,RECEIVED,CM
2775804.55,29,0,7,500,868100000,-121.41,1.62,14.14,0.000355,LOST,CM
2776155.92,23,0,7,500,867300000,-119.64,3.39,14.14,0.000355,RECEIVED,CM
2780580.43,61,0,10,125,868300000,-124.4,-1.37,370.69,0.009311,RECEIVED,CM
2780901.56,47,0,7,500,867300000,-119.97,3.06,14.14,0.000355,RECEIVED,CM
2783281.27,65,0,7,500,868100000,-117.11,5.92,14.14,0.000355,RECEIVED,CM
2787013.52,10,0,7,500,867300000,-98.9,24.13,14.14,0.000355,RECEIVED,CM
2787652.2,36,0,7,500,867700000,-97.2,25.83,14.14,0.000355,RECEIVED,CM
2788341.36,62,0,7,500,867100000,-101.21,21.82,14.14,0.000355,RECEIVED,CM
2794768.19,73,0,7,500,868300000,-110.85,12.18,14.14,0.000355,RECEIVED,CM
2799478.0,85,0,7,500,867100000,-106.77,16.26,14.14,0.000355,RECEIVED,CM
2801827.04,75,0,7,500,868500000,-123.07,-0.04,14.14,0.000355,LOST,CH
2804486.88,66,0,7,500,867300000,-110.61,12.42,14.14,0.000355,RECEIVED,CM
2807235.7,97,0,7,500,867300000,-109.83,13.2,14.14,0.000355,RECEIVED,CH
2813602.02,98,0,7,500,868100000,-99.49,23.54,14.14,0.000355,RECEIVED,CM
2814224.6,46,0,9,125,867900000,-126.18,-3.15,185.34,0.004656,RECEIVED,CM
2816979.77,13,0,7,500,868300000,-117.35,5.68,14.14,0.000355,RECEIVED,CM
2818958.78,65,0,7,500,868500000,-108.17,14.86,14.14,0.000355,RECEIVED,CM
2819603.76,38,0,7,500,867300000,-100.5,22.53,14.14,0.000355,RECEIVED,CM
2820629.81,85,0,7,500,867300000,-101.54,21.49,14.14,0.000355,RECEIVED,CM
2821431.68,25,0,7,500,867100000,-99.04,23.99,14.14,0.000355,RECEIVED,CM
2821665.78,92,0,7,500,867500000,-85.56,37.47,14.14,0.000355,RECEIVED,CM
2824076.04,83,0,7,125,867900000,-112.93,10.1,56.58,0.001421,RECEIVED,CM
2825886.3,22,0,7,500,868100000,-104.84,18.19,14.14,0.000355,RECEIVED,CM
2827835.26,65,0,7,500,868100000,-113.49,9.54,14.14,0.000355,RECEIVED,CM
2836658.9,10,0,7,500,867300000,-111.89,11.14,14.14,0.000355,RECEIVED,CM
2840610.91,97,0,7,500,867500000,-119.38,3.65,14.14,0.000355,RECEIVED,CH
2844892.61,14,0,7,500,868500000,-110.9,12.13,14.14,0.000355,RECEIVED,CM
2847719.74,12,0,7,500,867900000,-111.72,11.31,14.14,0.000355,RECEIVED,CM
2848278.67,57,0,7,500,867500000,-104.46,18.57,14.14,0.000355,RECEIVED,CM
2848970.47,58,0,7,500,867100000,-101.77,21.26,14.14,0.000355,RECEIVED,CM
2853917.36,29,0,7,500,868500000,-104.61,18.42,14.14,0.000355,RECEIVED,CM
2856023.79,90,0,7,500,867700000,-110.62,12.41,14.14,0.000355,RECEIVED,CM
2862288.32,79,0,7,500,867300000,-139.34,-16.31,14.14,0.000355,LOST,CM
2863759.1,17,0,7,500,868500000,-98.65,24.39,14.14,0.000355,RECEIVED,CM
2867717.74,59,0,7,500,867100000,-86.24,36.79,14.14,0.000355,RECEIVED,CM
2868682.89,80,0,7,500,867500000,-103.14,19.89,14.14,0.000355,RECEIVED,CM
2879577.76,90,0,7,500,867700000,-131.54,-8.51,14.14,0.000355,LOST,CM
2885851.9,88,0,7,500,868100000,-94.99,28.04,14.14,0.000355,RECEIVED,CM
2893394.3,0,0,9,250,867700000,-117.49,5.54,92.67,0.002328,RECEIVED,CH
2897287.52,77,0,7,250,868300000,-124.53,-1.5,28.29,0.000711,LOST,CM
2897314.79,78,0,7,500,867700000,-111.92,11.11,14.14,0.000355,RECEIVED,CM
2898364.81,73,0,7,500,868300000,-113.05,9.98,14.14,0.000355,RECEIVED,CM
2900780.53,91,0,7,250,868100000,-114.85,8.18,28.29,0.000711,RECEIVED,CM
2903152.92,60,0,7,500,868100000,-123.85,-0.82,14.14,0.000355,LOST,CM
2903726.6,42,0,7,500,867100000,-100.68,22.35,14.14,0.000355,RECEIVED,CM
2906277.72,30,0,7,500,867900000,-118.27,4.76,14.14,0.000355,RECEIVED,CM
2907902.42,5,0,7,500,868500000,-112.84,10.19,14.14,0.000355,RECEIVED,CM
2911317.66,80,0,7,500,868500000,-104.57,18.46,14.14,0.000355,RECEIVED,CM
2911613.51,50,0,7,500,868100000,-116.73,6.3,14.14,0.000355,RECEIVED,CM
2912436.18,31,0,7,500,868500000,-108.53,14.5,14.14,0.000355,RECEIVED,CM
2913701.99,95,0,9,250,868300000,-122.21,0.82,92.67,0.002328,RECEIVED,CM
2914369.24,35,0,7,500,867500000,-122.41,0.63,14.14,0.000355,LOST,CM
2916032.39,82,0,7,500,868100000,-101.95,21.08,14.14,0.000355,RECEIVED,CM
2919256.98,42,0,7,500,868500000,-108.33,14.7,14.14,0.000355,RECEIVED,CM
2921273.41,34,0,10,125,868300000,-117.51,5.52,370.69,0.009311,RECEIVED,CM
2922259.22,54,0,7,500,867300000,-98.64,24.39,14.14,0.000355,RECEIVED,CM
2926634.26,18,0,7,500,868500000,-113.59,9.45,14.14,0.000355,RECEIVED,CM
2927124.99,28,0,7,500,868100000,-122.18,0.85,14.14,0.000355,LOST,CM
2932162.3,9,0,7,250,868500000,-97.17,25.86,28.29,0.000711,RECEIVED,CM
2935873.07,37,0,7,125,868500000,-113.53,9.5,56.58,0.001421,RECEIVED,CM
2937305.78,54,0,7,500,867900000,-115.7,7.33,14.14,0.000355,RECEIVED,CM
2939507.27,26,0,7,500,868100000,-107.12,15.91,14.14,0.000355,RECEIVED,CH
2949572.25,71,0,8,125,868300000,-113.29,9.74,102.91,0.002585,RECEIVED,CM
2951274.62,83,0,7,500,867700000,-118.72,4.31,14.14,0.000355,RECEIVED,CM
2951367.41,4,0,7,500,867900000,-102.17,20.86,14.14,0.000355,RECEIVED,CM
2951970.3,20,0,7,500,867300000,-100.44,22.59,14.14,0.000355,RECEIVED,CM
2952484.52,47,0,7,500,867700000,-110.16,12.87,14.14,0.000355,RECEIVED,CM
2954844.61,72,0,7,500,868300000,-98.25,24.79,14.14,0.000355,RECEIVED,CM
2958965.52,84,0,7,500,868500000,-121.36,1.67,14.14,0.000355,LOST,CM
2959217.71,57,0,7,500,867500000,-95.43,27.6,14.14,0.000355,RECEIVED,CM
2964237.49,19,0,7,500,867700000,-105.07,17.96,14.14,0.000355,RECEIVED,CM
2968773.74,88,0,7,500,868500000,-102.14,20.89,14.14,0.000355,RECEIVED,CM
2970257.52,71,0,8,125,867300000,-108.48,14.56,102.91,0.002585,RECEIVED,CM
2975862.5,63,0,7,500,867900000,-126.73,-3.7,14.14,0.000355,LOST,CM
2977412.06,11,0,7,500,868500000,-115.09,7.94,14.14,0.000355,RECEIVED,CM
2977966.59,56,0,7,250,868500000,-105.45,17.58,28.29,0.000711,RECEIVED,CM
2981918.96,79,0,7,500,867100000,-112.63,10.4,14.14,0.000355,RECEIVED,CM
2982763.7,52,0,7,500,868100000,-106.05,16.98,14.14,0.000355,RECEIVED,CM
2985006.11,44,0,7,500,868500000,-105.53,17.5,14.14,0.000355,RECEIVED,CM
2987613.49,74,0,7,250,867700000,-123.54,-0.51,28.29,0.000711,RECEIVED,CM
2992921.68,74,0,7,500,868100000,-117.84,5.19,14.14,0.000355,RECEIVED,CM
2997919.35,26,0,7,500,868500000,-107.67,15.36,14.14,0.000355,RECEIVED,CH
2998018.63,8,0,7,500,868100000,-112.79,10.25,14.14,0.000355,RECEIVED,CM
2998469.31,44,0,7,500,867100000,-124.51,-1.48,14.14,0.000355,LOST,CM
3000680.51,21,0,7,500,867100000,-115.22,7.81,14.14,0.000355,RECEIVED,CM
3003400.28,71,0,7,500,867100000,-122.08,0.95,14.14,0.000355,LOST,CM
3004555.02,61,0,7,500,867300000,-117.99,5.04,14.14,0.000355,RECEIVED,CM
3006877.57,78,0,7,500,868300000,-115.22,7.82,14.14,0.000355,RECEIVED,CM
3010502.86,92,0,7,500,867300000,-82.81,40.23,14.14,0.000355,RECEIVED,CM
3014656.96,27,0,7,500,868100000,-112.41,10.62,14.14,0.000355,RECEIVED,CM
3018514.12,15,0,7,500,868100000,-118.81,4.22,14.14,0.000355,RECEIVED,CM
3021146.2,30,0,7,125,867300000,-100.48,22.55,56.58,0.001421,RECEIVED,CM
3021562.4,32,0,7,500,867100000,-115.27,7.76,14.14,0.000355,RECEIVED,CM
3027198.59,66,0,7,500,867100000,-112.72,10.31,14.14,0.000355,RECEIVED,CM
3029648.09,77,0,7,125,867100000,-125.15,-2.12,56.58,0.001421,RECEIVED,CM
3030503.11,43,0,7,500,868500000,-114.23,8.8,14.14,0.000355,RECEIVED,CM
3033300.56,96,0,7,500,867500000,-92.52,30.51,14.14,0.000355,RECEIVED,CM
3052832.03,64,0,7,500,867100000,-121.35,1.68,14.14,0.000355,LOST,CM
3052933.72,17,0,7,500,867300000,-103.39,19.65,14.14,0.000355,RECEIVED,CM
3054508.81,47,0,7,500,868100000,-108.36,14.67,14.14,0.000355,RECEIVED,CM
3063938.4,48,0,7,500,867100000,-101.02,22.01,14.14,0.000355,RECEIVED,CM
3069367.79,6,0,7,500,867100000,-100.48,22.55,14.14,0.000355,RECEIVED,CM
3069771.43,22,0,7,500,867700000,-107.32,15.71,14.14,0.000355,RECEIVED,CM
3070013.74,31,0,7,500,868500000,-112.68,10.35,14.14,0.000355,RECEIVED,CM
3072877.06,44,0,7,500,867300000,-115.3,7.73,14.14,0.000355,RECEIVED,CM
3074668.37,1,0,7,500,868500000,-121.24,1.79,14.14,0.000355,LOST,CM
3077254.47,53,0,7,500,867300000,-107.88,15.15,14.14,0.000355,RECEIVED,CM
3077591.33,57,0,7,500,867300000,-110.39,12.64,14.14,0.000355,RECEIVED,CM
3081875.81,36,0,7,500,867900000,-98.63,24.4,14.14,0.000355,RECEIVED,CM
3091252.16,89,0,7,500,868300000,-100.1,22.93,14.14,0.000355,RECEIVED,CM
3098689.99,58,0,7,500,868300000,-89.82,33.21,14.14,0.000355,RECEIVED,CM
3101953.36,6,0,7,500,867500000,-105.49,17.54,14.14,0.000355,RECEIVED,CM
3107020.14,54,0,7,500,868500000,-123.38,-0.35,14.14,0.000355,LOST,CM
3107724.74,93,0,7,500,867300000,-109.19,13.84,14.14,0.000355,RECEIVED,CM
3108889.26,55,0,7,500,867300000,-108.49,14.54,14.14,0.000355,RECEIVED,CM
3110144.15,19,0,7,500,867700000,-103.06,19.97,14.14,0.000355,RECEIVED,CM
3112468.4,33,0,7,500,868300000,-115.8,7.23,14.14,0.000355,RECEIVED,CM
3113065.81,81,0,7,500,867900000,-113.47,9.56,14.14,0.000355,RECEIVED,CM
3113210.97,53,0,7,500,867500000,-94.06,28.97,14.14,0.000355,RECEIVED,CM
3114544.35,44,0,7,500,867500000,-119.12,3.91,14.14,0.000355,RECEIVED,CM
3118008.91,98,0,7,500,867900000,-120.15,2.88,14.14,0.000355,RECEIVED,CM
3119688.83,84,0,7,500,868100000,-112.54,10.49,14.14,0.000355,RECEIVED,CM
3124325.02,5,0,7,500,867300000,-111.19,11.84,14.14,0.000355,RECEIVED,CM
3128369.31,94,0,7,500,867700000,-105.09,17.94,14.14,0.000355,RECEIVED,CM
3128808.7,2,0,7,500,867700000,-119.83,3.2,14.14,0.000355,RECEIVED,CM
3130822.96,76,0,7,500,867500000,-118.49,4.54,14.14,0.000355,RECEIVED,CM
3134208.88,94,0,7,500,868500000,-108.1,14.94,14.14,0.000355,RECEIVED,CM
3135293.75,88,0,7,500,867900000,-86.57,36.46,14.14,0.000355,RECEIVED,CM
3140791.16,99,0,7,500,867900000,-111.32,11.71,14.14,0.000355,RECEIVED,CM
3146497.38,52,0,7,500,868500000,-103.91,19.12,14.14,0.000355,RECEIVED,CM
3157041.14,27,0,7,500,867300000,-96.05,26.98,14.14,0.000355,RECEIVED,CM
3158429.85,95,0,7,500,868100000,-108.84,14.19,14.14,0.000355,RECEIVED,CM
3159382.71,15,0,7,500,867700000,-116.74,6.29,14.14,0.000355,RECEIVED,CM
3159732.64,85,0,7,500,867100000,-95.8,27.23,14.14,0.000355,RECEIVED,CM
3161274.01,24,0,7,500,867300000,-91.2,31.83,14.14,0.000355,RECEIVED,CM
3162670.9,25,0,7,500,867700000,-92.25,30.78,14.14,0.000355,RECEIVED,CM
3179841.04,14,0,7,500,868300000,-95.1,27.93,14.14,0.000355,RECEIVED,CM
3182030.2,46,0,7,500,867100000,-113.74,9.29,14.14,0.000355,RECEIVED,CM
3183827.24,68,0,7,500,868500000,-96.69,26.34,14.14,0.000355,RECEIVED,CM
3185635.95,44,0,7,500,867900000,-120.74,2.29,14.14,0.000355,RECEIVED,CM
3186073.48,26,0,7,500,867500000,-112.17,10.86,14.14,0.000355,RECEIVED,CH
3186313.98,41,0,7,500,868300000,-116.47,6.56,14.14,0.000355,RECEIVED,CM
3188167.36,90,0,7,500,868300000,-109.24,13.79,14.14,0.000355,RECEIVED,CM
3190980.23,50,0,7,500,867100000,-99.0,24.03,14.14,0.000355,RECEIVED,CM
3192209.06,89,0,7,500,868100000,-99.55,23.48,14.14,0.000355,RECEIVED,CM
3193968.11,77,0,7,500,867500000,-129.54,-6.5,14.14,0.000355,LOST,CM
3196690.59,30,0,7,500,868500000,-106.65,16.39,14.14,0.000355,RECEIVED,CM
3198206.71,20,0,7,500,868300000,-90.5,32.53,14.14,0.000355,RECEIVED,CM
3199661.2,60,0,7,500,867500000,-118.79,4.24,14.14,0.000355,RECEIVED,CM
3199869.83,11,0,11,125,867100000,-102.83,20.21,741.38,0.018623,RECEIVED,CM
3199872.63,22,0,7,500,867100000,-118.76,4.27,14.14,0.000355,RECEIVED,CM
3207763.9,66,0,7,500,867300000,-114.38,8.65,14.14,0.000355,RECEIVED,CM
3209508.37,33,0,7,500,868300000,-115.88,7.15,14.14,0.000355,RECEIVED,CM
3217918.3,64,0,7,500,868100000,-129.1,-6.07,14.14,0.000355,LOST,CM
3221549.34,61,0,9,125,867700000,-117.35,5.68,185.34,0.004656,RECEIVED,CM
3223740.38,7,0,8,250,867100000,-118.87,4.16,51.46,0.001293,RECEIVED,CM
3228458.34,33,0,7,125,867500000,-122.27,0.76,56.58,0.001421,RECEIVED,CM
3230366.78,30,0,7,500,867300000,-120.57,2.46,14.14,0.000355,RECEIVED,CM
3233056.23,49,0,7,500,868100000,-110.46,12.57,14.14,0.000355,RECEIVED,CM
3235421.2,78,0,7,500,868300000,-109.64,13.39,14.14,0.000355,RECEIVED,CM
3236698.89,87,0,7,125,868300000,-112.84,10.19,56.58,0.001421,RECEIVED,CM
3236969.37,47,0,7,500,867500000,-116.74,6.29,14.14,0.000355,RECEIVED,CM
3237430.97,37,0,7,500,867100000,-123.83,-0.8,14.14,0.000355,LOST,CM
3238416.23,88,0,7,500,868100000,-99.13,23.9,14.14,0.000355,RECEIVED,CM
3239433.07,49,0,7,500,867500000,-109.85,13.18,14.14,0.000355,RECEIVED,CM
3241718.36,99,0,7,500,867100000,-101.7,21.33,14.14,0.000355,RECEIVED,CM
3243357.42,90,0,7,250,868300000,-129.26,-6.23,28.29,0.000711,LOST,CM
3244879.41,36,0,7,500,867300000,-112.05,10.98,14.14,0.000355,RECEIVED,CM
3246506.76,52,0,7,500,867900000,-119.24,3.79,14.14,0.000355,RECEIVED,CM
3250176.31,44,0,7,500,867900000,-114.77,8.26,14.14,0.000355,RECEIVED,CM
3250972.63,50,0,7,500,867900000,-123.12,-0.09,14.14,0.000355,LOST,CM
3253851.53,44,0,7,500,867300000,-110.97,12.06,14.14,0.000355,RECEIVED,CM
3255165.72,4,0,7,500,868100000,-90.57,32.46,14.14,0.000355,RECEIVED,CM
3258726.79,72,0,7,500,867500000,-116.73,6.3,14.14,0.000355,RECEIVED,CM
3261069.39,47,0,7,500,868100000,-96.94,26.1,14.14,0.000355,RECEIVED,CM
3264713.86,0,0,9,500,868100000,-112.02,11.01,46.34,0.001164,RECEIVED,CH
3265994.68,77,0,7,250,867300000,-126.66,-3.63,28.29,0.000711,LOST,CM
3266443.45,19,0,10,125,868100000,-111.39,11.64,370.69,0.009311,RECEIVED,CM
3272230.32,71,0,7,500,867900000,-102.22,20.81,14.14,0.000355,RECEIVED,CM
3272702.16,26,0,9,250,868500000,-114.02,9.01,92.67,0.002328,RECEIVED,CH
3273011.17,8,0,7,500,867100000,-106.82,16.21,14.14,0.000355,RECEIVED,CM
3276783.16,61,0,10,125,867300000,-123.16,-0.13,370.69,0.009311,RECEIVED,CM
3282295.9,15,0,7,250,868100000,-112.43,10.6,28.29,0.000711,RECEIVED,CM
3284036.19,14,0,7,500,867300000,-92.76,30.27,14.14,0.000355,RECEIVED,CM
3284465.15,86,0,7,500,867100000,-113.01,10.03,14.14,0.000355,RECEIVED,CM
3285134.57,69,0,7,500,867100000,-110.27,12.76,14.14,0.000355,RECEIVED,CM
3286765.49,43,0,7,500,867300000,-108.5,14.53,14.14,0.000355,RECEIVED,CM
3287586.78,26,0,9,125,868100000,-127.53,-4.5,185.34,0.004656,RECEIVED,CH
3293948.12,72,0,7,500,867100000,-114.27,8.76,14.14,0.000355,RECEIVED,CM
3298326.82,5,0,7,500,867100000,-96.89,26.14,14.14,0.000355,RECEIVED,CM
3299518.19,78,0,7,500,867300000,-120.53,2.5,14.14,0.000355,RECEIVED,CM
3303057.81,7,0,7,125,868100000,-120.96,2.07,56.58,0.001421,RECEIVED,CM
3308326.06,25,0,7,500,867900000,-82.93,40.1,14.14,0.000355,RECEIVED,CM
3309683.07,56,0,7,500,868300000,-104.57,18.46,14.14,0.000355,RECEIVED,CM
3310408.68,0,0,7,500,867900000,-104.66,18.37,14.14,0.000355,RECEIVED,CH
3311038.63,49,0,7,500,867300000,-109.29,13.74,14.14,0.000355,RECEIVED,CM
3312679.78,55,0,7,500,867300000,-120.24,2.8,14.14,0.000355,RECEIVED,CM
3312722.64,92,0,7,500,868300000,-92.56,30.47,14.14,0.000355,RECEIVED,CM
3314851.96,61,0,9,125,868500000,-122.48,0.55,185.34,0.004656,RECEIVED,CM
3322379.3,29,0,7,500,868300000,-120.33,2.7,14.14,0.000355,RECEIVED,CM
3326931.91,21,0,7,500,868100000,-106.83,16.2,14.14,0.000355,RECEIVED,CM
3328689.75,36,0,7,500,867900000,-108.02,15.01,14.14,0.000355,RECEIVED,CM
3331326.36,58,0,7,500,867700000,-97.42,25.61,14.14,0.000355,RECEIVED,CM
3339748.42,76,0,7,500,867900000,-119.75,3.28,14.14,0.000355,RECEIVED,CM
3341072.83,34,0,7,125,867500000,-108.36,14.68,56.58,0.001421,RECEIVED,CM
3348521.45,34,0,7,500,867500000,-117.78,5.25,14.14,0.000355,RECEIVED,CM
3352169.52,30,0,7,500,867900000,-109.02,14.01,14.14,0.000355,RECEIVED,CM
3356134.4,26,0,9,250,868100000,-144.52,-21.48,92.67,0.002328,LOST,CH
3359812.03,54,0,7,500,867300000,-100.72,22.31,14.14,0.000355,RECEIVED,CM
3362551.69,37,0,9,500,867900000,-120.22,2.81,46.34,0.001164,RECEIVED,CM
3365886.66,17,0,7,500,867300000,-90.03,33.0,14.14,0.000355,RECEIVED,CM
3374309.79,37,0,7,500,867100000,-126.84,-3.81,14.14,0.000355,LOST,CM
3376641.18,99,0,7,500,867100000,-123.31,-0.28,14.14,0.000355,LOST,CM
3378026.41,50,0,7,500,867500000,-105.24,17.79,14.14,0.000355,RECEIVED,CM
3378082.92,54,0,7,500,867500000,-107.83,15.2,14.14,0.000355,RECEIVED,CM
3380733.31,90,0,7,500,868500000,-110.48,12.55,14.14,0.000355,RECEIVED,CM
3381340.91,27,0,7,500,867500000,-105.62,17.41,14.14,0.000355,RECEIVED,CM
3385340.87,89,0,7,500,867700000,-93.52,29.51,14.14,0.000355,RECEIVED,CM
3386946.59,5,0,7,500,867900000,-112.31,10.72,14.14,0.000355,RECEIVED,CM
3389470.34,49,0,7,500,867700000,-112.6,10.43,14.14,0.000355,RECEIVED,CM
3392185.36,41,0,7,500,868300000,-110.76,12.28,14.14,0.000355,RECEIVED,CM
3394236.51,23,0,7,250,868300000,-114.04,8.99,28.29,0.000711,RECEIVED,CM
3406609.28,4,0,7,500,867700000,-95.9,27.13,14.14,0.000355,RECEIVED,CM
3410228.47,29,0,7,500,867700000,-117.17,5.86,14.14,0.000355,RECEIVED,CM
3411725.02,31,0,7,500,867100000,-107.2,15.83,14.14,0.000355,RECEIVED,CM
3416867.62,93,0,9,250,867500000,-106.3,16.73,92.67,0.002328,RECEIVED,CM
3417027.0,91,0,7,500,868300000,-102.07,20.96,14.14,0.000355,RECEIVED,CM
3417561.08,19,0,7,500,868100000,-116.32,6.71,14.14,0.000355,RECEIVED,CM
3421256.85,55,0,7,500,867300000,-113.43,9.6,14.14,0.000355,RECEIVED,CM
3423244.53,92,0,7,500,867500000,-75.8,47.24,14.14,0.000355,RECEIVED,CM
3423802.68,68,0,7,500,867500000,-101.03,22.0,14.14,0.000355,RECEIVED,CM
3425766.66,28,0,7,500,867300000,-111.35,11.68,14.14,0.000355,RECEIVED,CM
3427460.77,65,0,7,250,867500000,-103.33,19.7,28.29,0.000711,RECEIVED,CM
3431448.52,98,0,7,500,868300000,-107.84,15.19,14.14,0.000355,RECEIVED,CM
3431550.52,22,0,7,500,867700000,-109.0,14.03,14.14,0.000355,RECEIVED,CM
3432773.02,77,0,7,500,868500000,-134.21,-11.18,14.14,0.000355,LOST,CM
3433921.88,18,0,7,500,868300000,-117.45,5.58,14.14,0.000355,RECEIVED,CM
3456592.65,69,0,7,500,867500000,-117.17,5.87,14.14,0.000355,RECEIVED,CM
3456639.62,67,0,7,500,867300000,-95.29,27.74,14.14,0.000355,RECEIVED,CM
3464097.4,36,0,7,500,867700000,-104.92,18.11,14.14,0.000355,RECEIVED,CM
3471591.62,64,0,7,500,868300000,-127.52,-4.49,14.14,0.000355,LOST,CM
3474178.84,65,0,7,500,867900000,-121.95,1.08,14.14,0.000355,LOST,CM
3478268.52,41,0,7,250,868500000,-95.61,27.42,28.29,0.000711,RECEIVED,CM
3479301.18,70,0,7,500,868300000,-104.27,18.76,14.14,0.000355,RECEIVED,CM
3481248.48,88,0,7,500,867900000,-101.91,21.12,14.14,0.000355,RECEIVED,CM
3481655.1,16,0,7,500,868300000,-99.17,23.86,14.14,0.000355,RECEIVED,CM
3484347.06,12,0,7,500,868100000,-117.38,5.65,14.14,0.000355,RECEIVED,CM
3485319.98,83,0,7,500,868500000,-121.65,1.38,14.14,0.000355,LOST,CM
3488154.77,71,0,10,125,868300000,-119.26,3.77,370.69,0.009311,RECEIVED,CM
3488512.81,19,0,7,500,867500000,-104.35,18.68,14.14,0.000355,RECEIVED,CM
3488802.27,80,0,7,500,867100000,-100.12,22.91,14.14,0.000355,RECEIVED,CM
3492324.64,46,0,7,500,867900000,-109.47,13.56,14.14,0.000355,RECEIVED,CM
3492442.29,32,0,7,500,868300000,-107.98,15.06,14.14,0.000355,RECEIVED,CM
3497999.66,31,0,7,500,867700000,-105.66,17.37,14.14,0.000355,RECEIVED,CM
3499717.54,56,0,7,250,867900000,-113.22,9.81,28.29,0.000711,RECEIVED,CM
3503408.23,42,0,7,500,867700000,-109.55,13.48,14.14,0.000355,RECEIVED,CM
3504359.86,63,0,7,125,868500000,-120.53,2.5,56.58,0.001421,RECEIVED,CM
3508355.22,45,0,7,500,867500000,-89.96,33.07,14.14,0.000355,RECEIVED,CM
3511501.26,94,0,7,500,867500000,-101.15,21.88,14.14,0.000355,RECEIVED,CM
3517706.68,37,0,7,500,868100000,-124.16,-1.13,14.14,0.000355,LOST,CM
3522606.98,84,0,7,500,867700000,-112.6,10.43,14.14,0.000355,RECEIVED,CM
3523663.17,80,0,7,500,868100000,-91.63,31.4,14.14,0.000355,RECEIVED,CM
3524479.32,95,0,8,125,867900000,-123.19,-0.16,102.91,0.002585,RECEIVED,CM
3524972.0,73,0,9,250,868500000,-120.72,2.31,92.67,0.002328,RECEIVED,CM
3531241.96,23,0,7,500,868300000,-121.28,1.75,14.14,0.000355,LOST,CM
3539730.3,58,0,7,500,868300000,-96.09,26.94,14.14,0.000355,RECEIVED,CM
3540217.88,59,0,7,500,867500000,-86.87,36.16,14.14,0.000355,RECEIVED,CM
3547871.92,36,0,7,500,867300000,-116.61,6.42,14.14,0.000355,RECEIVED,CM
3548293.25,89,0,7,500,867300000,-110.37,12.66,14.14,0.000355,RECEIVED,CM
3548384.89,45,0,7,500,867700000,-80.93,42.1,14.14,0.000355,RECEIVED,CM
3549066.09,73,0,7,125,867700000,-112.19,10.84,56.58,0.001421,RECEIVED,CM
3558375.32,96,0,7,500,867900000,-97.49,25.54,14.14,0.000355,RECEIVED,CM
3558585.4,18,0,7,500,867300000,-112.16,10.87,14.14,0.000355,RECEIVED,CM
3561085.4,38,0,7,500,868500000,-102.72,20.32,14.14,0.000355,RECEIVED,CM
3561711.71,10,0,7,500,867700000,-103.77,19.26,14.14,0.000355,RECEIVED,CM
3564793.01,65,0,7,500,868300000,-124.03,-1.0,14.14,0.000355,LOST,CM
3566147.85,83,0,7,500,867100000,-93.08,29.95,14.14,0.000355,RECEIVED,CM
3567839.51,26,0,7,500,868300000,-122.38,0.65,14.14,0.000355,LOST,CH
3568001.87,60,0,9,125,868100000,-116.16,6.87,185.34,0.004656,RECEIVED,CM
3570345.39,54,0,7,500,867500000,-97.86,25.17,14.14,0.000355,RECEIVED,CM
3572788.67,61,0,9,250,868500000,-110.67,12.36,92.67,0.002328,RECEIVED,CM
3576909.99,64,0,7,250,867500000,-123.79,-0.76,28.29,0.000711,RECEIVED,CM
3581764.9,43,0,7,500,867500000,-109.84,13.19,14.14,0.000355,RECEIVED,CM
3590145.68,17,0,7,500,867300000,-114.13,8.9,14.14,0.000355,RECEIVED,CM
